<annotation verified="no">
  <folder>greyscaled</folder>
  <filename>2021_12_01_13_48_00</filename>
  <path>D:\Academic files\thesis\Codes\Stair detection\greyscaled\2021_12_01_13_48_00.bmp</path>
  <source>
    <database>Unknown</database>
  </source>
  <size>
    <width>350</width>
    <height>400</height>
    <depth>1</depth>
  </size>
  <segmented>0</segmented>
  <object>
    <type>robndbox</type>
    <name>UpStair</name>
    <pose>Unspecified</pose>
    <truncated>0</truncated>
    <difficult>0</difficult>
    <robndbox>
      <cx>180.8456</cx>
      <cy>222.4603</cy>
      <w>116.2992</w>
      <h>205.0784</h>
      <angle>2.523379</angle>
    </robndbox>
  </object>
</annotation>
