<annotation verified="no">
  <folder>fitrain</folder>
  <filename>2021_12_01_14_26_38</filename>
  <path>C:\Users\sabafar2\Desktop\fitrain\2021_12_01_14_26_38.bmp</path>
  <source>
    <database>Unknown</database>
  </source>
  <size>
    <width>350</width>
    <height>400</height>
    <depth>1</depth>
  </size>
  <segmented>0</segmented>
  <object>
    <type>robndbox</type>
    <name>DownStair</name>
    <pose>Unspecified</pose>
    <truncated>0</truncated>
    <difficult>0</difficult>
    <robndbox>
      <cx>81.8745</cx>
      <cy>293.6172</cy>
      <w>162.6433</w>
      <h>147.9666</h>
      <angle>3.134233</angle>
    </robndbox>
  </object>
</annotation>
