<annotation verified="no">
  <folder>fitrain</folder>
  <filename>2021_12_01_13_52_48</filename>
  <path>C:\Users\sabafar2\Desktop\fitrain\2021_12_01_13_52_48.bmp</path>
  <source>
    <database>Unknown</database>
  </source>
  <size>
    <width>350</width>
    <height>400</height>
    <depth>1</depth>
  </size>
  <segmented>0</segmented>
  <object>
    <type>robndbox</type>
    <name>DownStair</name>
    <pose>Unspecified</pose>
    <truncated>0</truncated>
    <difficult>0</difficult>
    <robndbox>
      <cx>140.2384</cx>
      <cy>279.0</cy>
      <w>95.0</w>
      <h>116.0</h>
      <angle>0.0</angle>
    </robndbox>
  </object>
</annotation>
