<annotation verified="no">
  <folder>greyscaled</folder>
  <filename>2021_12_01_13_53_22</filename>
  <path>D:\Academic files\thesis\Codes\Stair detection\greyscaled\2021_12_01_13_53_22.bmp</path>
  <source>
    <database>Unknown</database>
  </source>
  <size>
    <width>350</width>
    <height>400</height>
    <depth>1</depth>
  </size>
  <segmented>0</segmented>
  <object>
    <type>robndbox</type>
    <name>UpStair</name>
    <pose>Unspecified</pose>
    <truncated>0</truncated>
    <difficult>0</difficult>
    <robndbox>
      <cx>94.9387</cx>
      <cy>229.3511</cy>
      <w>107.5762</w>
      <h>93.0299</h>
      <angle>0.80665</angle>
    </robndbox>
  </object>
</annotation>
