<annotation verified="no">
  <folder>greyscaled</folder>
  <filename>2021_12_01_13_51_00</filename>
  <path>D:\Academic files\thesis\Codes\Stair detection\greyscaled\2021_12_01_13_51_00.bmp</path>
  <source>
    <database>Unknown</database>
  </source>
  <size>
    <width>350</width>
    <height>400</height>
    <depth>1</depth>
  </size>
  <segmented>0</segmented>
  <object>
    <type>robndbox</type>
    <name>DownStair</name>
    <pose>Unspecified</pose>
    <truncated>0</truncated>
    <difficult>0</difficult>
    <robndbox>
      <cx>104.2944</cx>
      <cy>292.1433</cy>
      <w>109.8351</w>
      <h>142.1672</h>
      <angle>2.841425</angle>
    </robndbox>
  </object>
</annotation>
