<annotation verified="no">
  <folder>greyscaled</folder>
  <filename>2022_03_01_17_05_28</filename>
  <path>D:\Academic files\thesis\Codes\Stair detection\greyscaled\2022_03_01_17_05_28.png</path>
  <source>
    <database>Unknown</database>
  </source>
  <size>
    <width>350</width>
    <height>400</height>
    <depth>1</depth>
  </size>
  <segmented>0</segmented>
  <object>
    <type>robndbox</type>
    <name>UpStair</name>
    <pose>Unspecified</pose>
    <truncated>0</truncated>
    <difficult>0</difficult>
    <robndbox>
      <cx>121.8163</cx>
      <cy>258.8844</cy>
      <w>109.8671</w>
      <h>248.6418</h>
      <angle>2.508934</angle>
    </robndbox>
  </object>
</annotation>
