<annotation verified="no">
  <folder>greyscaled</folder>
  <filename>2022_02_27_15_04_00</filename>
  <path>D:\Academic files\thesis\Codes\Stair detection\greyscaled\2022_02_27_15_04_00.png</path>
  <source>
    <database>Unknown</database>
  </source>
  <size>
    <width>350</width>
    <height>400</height>
    <depth>1</depth>
  </size>
  <segmented>0</segmented>
  <object>
    <type>robndbox</type>
    <name>UpStair</name>
    <pose>Unspecified</pose>
    <truncated>0</truncated>
    <difficult>0</difficult>
    <robndbox>
      <cx>140.9236</cx>
      <cy>162.1213</cy>
      <w>180.0215</w>
      <h>273.4042</h>
      <angle>2.70718</angle>
    </robndbox>
  </object>
</annotation>
