<annotation verified="no">
  <folder>greyscaled</folder>
  <filename>2022_02_27_14_59_38</filename>
  <path>D:\Academic files\thesis\Codes\Stair detection\greyscaled\2022_02_27_14_59_38.png</path>
  <source>
    <database>Unknown</database>
  </source>
  <size>
    <width>350</width>
    <height>400</height>
    <depth>1</depth>
  </size>
  <segmented>0</segmented>
  <object>
    <type>robndbox</type>
    <name>DownStair</name>
    <pose>Unspecified</pose>
    <truncated>0</truncated>
    <difficult>0</difficult>
    <robndbox>
      <cx>171.7579</cx>
      <cy>257.9358</cy>
      <w>154.3766</w>
      <h>251.3814</h>
      <angle>2.305175</angle>
    </robndbox>
  </object>
</annotation>
