<annotation verified="no">
  <folder>greyscaled</folder>
  <filename>2022_03_01_17_17_25</filename>
  <path>D:\Academic files\thesis\Codes\Stair detection\greyscaled\2022_03_01_17_17_25.png</path>
  <source>
    <database>Unknown</database>
  </source>
  <size>
    <width>350</width>
    <height>400</height>
    <depth>1</depth>
  </size>
  <segmented>0</segmented>
  <object>
    <type>robndbox</type>
    <name>UpStair</name>
    <pose>Unspecified</pose>
    <truncated>0</truncated>
    <difficult>0</difficult>
    <robndbox>
      <cx>171.2683</cx>
      <cy>165.4982</cy>
      <w>283.3628</w>
      <h>261.9784</h>
      <angle>2.876848</angle>
    </robndbox>
  </object>
</annotation>
