<annotation verified="no">
  <folder>greyscaled</folder>
  <filename>2022_03_01_17_36_13</filename>
  <path>D:\Academic files\thesis\Codes\Stair detection\greyscaled\2022_03_01_17_36_13.png</path>
  <source>
    <database>Unknown</database>
  </source>
  <size>
    <width>350</width>
    <height>400</height>
    <depth>1</depth>
  </size>
  <segmented>0</segmented>
  <object>
    <type>robndbox</type>
    <name>DownStair</name>
    <pose>Unspecified</pose>
    <truncated>0</truncated>
    <difficult>0</difficult>
    <robndbox>
      <cx>111.0734</cx>
      <cy>287.0</cy>
      <w>140.3687</w>
      <h>175.0233</h>
      <angle>2.409131</angle>
    </robndbox>
  </object>
</annotation>
