<annotation verified="no">
  <folder>greyscaled</folder>
  <filename>2022_03_01_17_22_29</filename>
  <path>D:\Academic files\thesis\Codes\Stair detection\greyscaled\2022_03_01_17_22_29.png</path>
  <source>
    <database>Unknown</database>
  </source>
  <size>
    <width>350</width>
    <height>400</height>
    <depth>1</depth>
  </size>
  <segmented>0</segmented>
  <object>
    <type>robndbox</type>
    <name>UpStair</name>
    <pose>Unspecified</pose>
    <truncated>0</truncated>
    <difficult>0</difficult>
    <robndbox>
      <cx>252.6211</cx>
      <cy>247.5902</cy>
      <w>117.4394</w>
      <h>149.4433</h>
      <angle>0.459337</angle>
    </robndbox>
  </object>
</annotation>
