<annotation verified="no">
  <folder>greyscaled</folder>
  <filename>2022_03_05_14_38_08</filename>
  <path>D:\Academic files\thesis\Codes\Stair detection\greyscaled\2022_03_05_14_38_08.png</path>
  <source>
    <database>Unknown</database>
  </source>
  <size>
    <width>350</width>
    <height>400</height>
    <depth>1</depth>
  </size>
  <segmented>0</segmented>
  <object>
    <type>robndbox</type>
    <name>DownStair</name>
    <pose>Unspecified</pose>
    <truncated>0</truncated>
    <difficult>0</difficult>
    <robndbox>
      <cx>187.9562</cx>
      <cy>290.4621</cy>
      <w>202.7221</w>
      <h>129.2833</h>
      <angle>2.569413</angle>
    </robndbox>
  </object>
</annotation>
