<annotation verified="no">
  <folder>greyscaled</folder>
  <filename>2022_02_27_15_02_27</filename>
  <path>D:\Academic files\thesis\Codes\Stair detection\greyscaled\2022_02_27_15_02_27.png</path>
  <source>
    <database>Unknown</database>
  </source>
  <size>
    <width>350</width>
    <height>400</height>
    <depth>1</depth>
  </size>
  <segmented>0</segmented>
  <object>
    <type>robndbox</type>
    <name>UpStair</name>
    <pose>Unspecified</pose>
    <truncated>0</truncated>
    <difficult>0</difficult>
    <robndbox>
      <cx>189.6526</cx>
      <cy>195.925</cy>
      <w>208.0052</w>
      <h>274.0599</h>
      <angle>0.543894</angle>
    </robndbox>
  </object>
</annotation>
