<annotation verified="no">
  <folder>greyscaled</folder>
  <filename>2022_02_24_15_59_36</filename>
  <path>D:\Academic files\thesis\Codes\Stair detection\greyscaled\2022_02_24_15_59_36.bmp</path>
  <source>
    <database>Unknown</database>
  </source>
  <size>
    <width>350</width>
    <height>400</height>
    <depth>1</depth>
  </size>
  <segmented>0</segmented>
  <object>
    <type>robndbox</type>
    <name>UpStair</name>
    <pose>Unspecified</pose>
    <truncated>0</truncated>
    <difficult>0</difficult>
    <robndbox>
      <cx>177.7384</cx>
      <cy>150.035</cy>
      <w>278.0</w>
      <h>274.0</h>
      <angle>0.098738</angle>
    </robndbox>
  </object>
</annotation>
