<annotation verified="no">
  <folder>greyscaled</folder>
  <filename>2022_03_01_17_11_34</filename>
  <path>D:\Academic files\thesis\Codes\Stair detection\greyscaled\2022_03_01_17_11_34.png</path>
  <source>
    <database>Unknown</database>
  </source>
  <size>
    <width>350</width>
    <height>400</height>
    <depth>1</depth>
  </size>
  <segmented>0</segmented>
  <object>
    <type>robndbox</type>
    <name>UpStair</name>
    <pose>Unspecified</pose>
    <truncated>0</truncated>
    <difficult>0</difficult>
    <robndbox>
      <cx>210.295</cx>
      <cy>312.9334</cy>
      <w>94.1675</w>
      <h>138.4864</h>
      <angle>0.458704</angle>
    </robndbox>
  </object>
</annotation>
