<annotation verified="no">
  <folder>greyscaled</folder>
  <filename>2022_02_26_15_40_44</filename>
  <path>D:\Academic files\thesis\Codes\Stair detection\greyscaled\2022_02_26_15_40_44.png</path>
  <source>
    <database>Unknown</database>
  </source>
  <size>
    <width>350</width>
    <height>400</height>
    <depth>1</depth>
  </size>
  <segmented>0</segmented>
  <object>
    <type>robndbox</type>
    <name>UpStair</name>
    <pose>Unspecified</pose>
    <truncated>0</truncated>
    <difficult>0</difficult>
    <robndbox>
      <cx>160.2316</cx>
      <cy>279.629</cy>
      <w>91.9</w>
      <h>197.1718</h>
      <angle>0.486805</angle>
    </robndbox>
  </object>
</annotation>
