<annotation verified="no">
  <folder>greyscaled</folder>
  <filename>2022_02_27_15_04_08</filename>
  <path>D:\Academic files\thesis\Codes\Stair detection\greyscaled\2022_02_27_15_04_08.png</path>
  <source>
    <database>Unknown</database>
  </source>
  <size>
    <width>350</width>
    <height>400</height>
    <depth>1</depth>
  </size>
  <segmented>0</segmented>
  <object>
    <type>robndbox</type>
    <name>DownStair</name>
    <pose>Unspecified</pose>
    <truncated>0</truncated>
    <difficult>0</difficult>
    <robndbox>
      <cx>105.5075</cx>
      <cy>296.0</cy>
      <w>96.0024</w>
      <h>199.0466</h>
      <angle>0.819819</angle>
    </robndbox>
  </object>
</annotation>
