<annotation verified="no">
  <folder>greyscaled</folder>
  <filename>2022_02_24_15_51_40</filename>
  <path>D:\Academic files\thesis\Codes\Stair detection\greyscaled\2022_02_24_15_51_40.bmp</path>
  <source>
    <database>Unknown</database>
  </source>
  <size>
    <width>350</width>
    <height>400</height>
    <depth>1</depth>
  </size>
  <segmented>0</segmented>
  <object>
    <type>robndbox</type>
    <name>UpStair</name>
    <pose>Unspecified</pose>
    <truncated>0</truncated>
    <difficult>0</difficult>
    <robndbox>
      <cx>132.516</cx>
      <cy>142.0055</cy>
      <w>193.1471</w>
      <h>235.7001</h>
      <angle>2.825976</angle>
    </robndbox>
  </object>
</annotation>
