<annotation verified="no">
  <folder>greyscaled</folder>
  <filename>2022_03_05_14_26_45</filename>
  <path>D:\Academic files\thesis\Codes\Stair detection\greyscaled\2022_03_05_14_26_45.png</path>
  <source>
    <database>Unknown</database>
  </source>
  <size>
    <width>350</width>
    <height>400</height>
    <depth>1</depth>
  </size>
  <segmented>0</segmented>
  <object>
    <type>robndbox</type>
    <name>UpStair</name>
    <pose>Unspecified</pose>
    <truncated>0</truncated>
    <difficult>0</difficult>
    <robndbox>
      <cx>172.2705</cx>
      <cy>283.8365</cy>
      <w>201.1182</w>
      <h>69.0147</h>
      <angle>0.919176</angle>
    </robndbox>
  </object>
</annotation>
