<annotation verified="no">
  <folder>greyscaled</folder>
  <filename>2022_02_24_15_39_48</filename>
  <path>D:\Academic files\thesis\Codes\Stair detection\greyscaled\2022_02_24_15_39_48.bmp</path>
  <source>
    <database>Unknown</database>
  </source>
  <size>
    <width>350</width>
    <height>400</height>
    <depth>1</depth>
  </size>
  <segmented>0</segmented>
  <object>
    <type>robndbox</type>
    <name>UpStair</name>
    <pose>Unspecified</pose>
    <truncated>0</truncated>
    <difficult>0</difficult>
    <robndbox>
      <cx>162.8692</cx>
      <cy>184.8495</cy>
      <w>231.5418</w>
      <h>270.7706</h>
      <angle>2.695271</angle>
    </robndbox>
  </object>
</annotation>
