<annotation verified="no">
  <folder>greyscaled</folder>
  <filename>2022_03_05_14_48_29</filename>
  <path>D:\Academic files\thesis\Codes\Stair detection\greyscaled\2022_03_05_14_48_29.png</path>
  <source>
    <database>Unknown</database>
  </source>
  <size>
    <width>350</width>
    <height>400</height>
    <depth>1</depth>
  </size>
  <segmented>0</segmented>
  <object>
    <type>robndbox</type>
    <name>UpStair</name>
    <pose>Unspecified</pose>
    <truncated>0</truncated>
    <difficult>0</difficult>
    <robndbox>
      <cx>104.2452</cx>
      <cy>299.2343</cy>
      <w>126.2011</w>
      <h>70.4933</h>
      <angle>1.095892</angle>
    </robndbox>
  </object>
</annotation>
