<annotation verified="no">
  <folder>greyscaled</folder>
  <filename>2022_02_26_16_03_22</filename>
  <path>D:\Academic files\thesis\Codes\Stair detection\greyscaled\2022_02_26_16_03_22.png</path>
  <source>
    <database>Unknown</database>
  </source>
  <size>
    <width>350</width>
    <height>400</height>
    <depth>1</depth>
  </size>
  <segmented>0</segmented>
  <object>
    <type>robndbox</type>
    <name>DownStair</name>
    <pose>Unspecified</pose>
    <truncated>0</truncated>
    <difficult>0</difficult>
    <robndbox>
      <cx>137.2596</cx>
      <cy>278.5553</cy>
      <w>71.5781</w>
      <h>188.8002</h>
      <angle>0.863255</angle>
    </robndbox>
  </object>
</annotation>
