<annotation verified="no">
  <folder>greyscaled</folder>
  <filename>2022_02_24_15_45_34</filename>
  <path>D:\Academic files\thesis\Codes\Stair detection\greyscaled\2022_02_24_15_45_34.bmp</path>
  <source>
    <database>Unknown</database>
  </source>
  <size>
    <width>350</width>
    <height>400</height>
    <depth>1</depth>
  </size>
  <segmented>0</segmented>
  <object>
    <type>robndbox</type>
    <name>DownStair</name>
    <pose>Unspecified</pose>
    <truncated>0</truncated>
    <difficult>0</difficult>
    <robndbox>
      <cx>263.7384</cx>
      <cy>316.1989</cy>
      <w>115.1119</w>
      <h>111.1452</h>
      <angle>2.410294</angle>
    </robndbox>
  </object>
</annotation>
