<annotation verified="no">
  <folder>greyscaled</folder>
  <filename>2022_03_05_14_37_06</filename>
  <path>D:\Academic files\thesis\Codes\Stair detection\greyscaled\2022_03_05_14_37_06.png</path>
  <source>
    <database>Unknown</database>
  </source>
  <size>
    <width>350</width>
    <height>400</height>
    <depth>1</depth>
  </size>
  <segmented>0</segmented>
  <object>
    <type>robndbox</type>
    <name>UpStair</name>
    <pose>Unspecified</pose>
    <truncated>0</truncated>
    <difficult>0</difficult>
    <robndbox>
      <cx>171.4621</cx>
      <cy>179.3977</cy>
      <w>192.0972</w>
      <h>304.6158</h>
      <angle>0.476579</angle>
    </robndbox>
  </object>
</annotation>
