<annotation verified="no">
  <folder>greyscaled</folder>
  <filename>2022_02_24_15_44_59</filename>
  <path>D:\Academic files\thesis\Codes\Stair detection\greyscaled\2022_02_24_15_44_59.bmp</path>
  <source>
    <database>Unknown</database>
  </source>
  <size>
    <width>350</width>
    <height>400</height>
    <depth>1</depth>
  </size>
  <segmented>0</segmented>
  <object>
    <type>robndbox</type>
    <name>UpStair</name>
    <pose>Unspecified</pose>
    <truncated>0</truncated>
    <difficult>0</difficult>
    <robndbox>
      <cx>68.8692</cx>
      <cy>291.2698</cy>
      <w>123.1781</w>
      <h>69.2009</h>
      <angle>0.736409</angle>
    </robndbox>
  </object>
</annotation>
