<annotation verified="no">
  <folder>greyscaled</folder>
  <filename>2022_03_05_14_38_04</filename>
  <path>D:\Academic files\thesis\Codes\Stair detection\greyscaled\2022_03_05_14_38_04.png</path>
  <source>
    <database>Unknown</database>
  </source>
  <size>
    <width>350</width>
    <height>400</height>
    <depth>1</depth>
  </size>
  <segmented>0</segmented>
  <object>
    <type>robndbox</type>
    <name>DownStair</name>
    <pose>Unspecified</pose>
    <truncated>0</truncated>
    <difficult>0</difficult>
    <robndbox>
      <cx>117.1422</cx>
      <cy>290.5526</cy>
      <w>110.6698</w>
      <h>190.3271</h>
      <angle>0.078158</angle>
    </robndbox>
  </object>
</annotation>
