<annotation verified="no">
  <folder>greyscaled</folder>
  <filename>2022_02_27_15_00_06</filename>
  <path>D:\Academic files\thesis\Codes\Stair detection\greyscaled\2022_02_27_15_00_06.png</path>
  <source>
    <database>Unknown</database>
  </source>
  <size>
    <width>350</width>
    <height>400</height>
    <depth>1</depth>
  </size>
  <segmented>0</segmented>
  <object>
    <type>robndbox</type>
    <name>UpStair</name>
    <pose>Unspecified</pose>
    <truncated>0</truncated>
    <difficult>0</difficult>
    <robndbox>
      <cx>111.0845</cx>
      <cy>224.7657</cy>
      <w>74.7084</w>
      <h>113.246</h>
      <angle>0.432621</angle>
    </robndbox>
  </object>
</annotation>
