<annotation verified="no">
  <folder>greyscaled</folder>
  <filename>2022_02_27_14_48_17</filename>
  <path>D:\Academic files\thesis\Codes\Stair detection\greyscaled\2022_02_27_14_48_17.png</path>
  <source>
    <database>Unknown</database>
  </source>
  <size>
    <width>350</width>
    <height>400</height>
    <depth>1</depth>
  </size>
  <segmented>0</segmented>
  <object>
    <type>robndbox</type>
    <name>DownStair</name>
    <pose>Unspecified</pose>
    <truncated>0</truncated>
    <difficult>0</difficult>
    <robndbox>
      <cx>202.6256</cx>
      <cy>249.8736</cy>
      <w>198.1231</w>
      <h>211.3396</h>
      <angle>2.862459</angle>
    </robndbox>
  </object>
</annotation>
