<annotation verified="no">
  <folder>greyscaled</folder>
  <filename>2022_02_24_16_00_48</filename>
  <path>D:\Academic files\thesis\Codes\Stair detection\greyscaled\2022_02_24_16_00_48.bmp</path>
  <source>
    <database>Unknown</database>
  </source>
  <size>
    <width>350</width>
    <height>400</height>
    <depth>1</depth>
  </size>
  <segmented>0</segmented>
  <object>
    <type>robndbox</type>
    <name>UpStair</name>
    <pose>Unspecified</pose>
    <truncated>0</truncated>
    <difficult>0</difficult>
    <robndbox>
      <cx>157.7384</cx>
      <cy>143.6663</cy>
      <w>288.0</w>
      <h>257.0</h>
      <angle>3.030547</angle>
    </robndbox>
  </object>
</annotation>
