<annotation verified="no">
  <folder>greyscaled</folder>
  <filename>2022_02_27_14_43_22</filename>
  <path>D:\Academic files\thesis\Codes\Stair detection\greyscaled\2022_02_27_14_43_22.png</path>
  <source>
    <database>Unknown</database>
  </source>
  <size>
    <width>350</width>
    <height>400</height>
    <depth>1</depth>
  </size>
  <segmented>0</segmented>
  <object>
    <type>robndbox</type>
    <name>DownStair</name>
    <pose>Unspecified</pose>
    <truncated>0</truncated>
    <difficult>0</difficult>
    <robndbox>
      <cx>106.8692</cx>
      <cy>257.9419</cy>
      <w>134.6098</w>
      <h>186.0129</h>
      <angle>0.570378</angle>
    </robndbox>
  </object>
</annotation>
