<annotation verified="no">
  <folder>greyscaled</folder>
  <filename>2022_02_24_15_59_55</filename>
  <path>D:\Academic files\thesis\Codes\Stair detection\greyscaled\2022_02_24_15_59_55.bmp</path>
  <source>
    <database>Unknown</database>
  </source>
  <size>
    <width>350</width>
    <height>400</height>
    <depth>1</depth>
  </size>
  <segmented>0</segmented>
  <object>
    <type>robndbox</type>
    <name>UpStair</name>
    <pose>Unspecified</pose>
    <truncated>0</truncated>
    <difficult>0</difficult>
    <robndbox>
      <cx>80.7703</cx>
      <cy>182.4053</cy>
      <w>100.5715</w>
      <h>257.497</h>
      <angle>3.071558</angle>
    </robndbox>
  </object>
</annotation>
