<annotation verified="no">
  <folder>greyscaled</folder>
  <filename>2022_02_24_15_52_32</filename>
  <path>D:\Academic files\thesis\Codes\Stair detection\greyscaled\2022_02_24_15_52_32.bmp</path>
  <source>
    <database>Unknown</database>
  </source>
  <size>
    <width>350</width>
    <height>400</height>
    <depth>1</depth>
  </size>
  <segmented>0</segmented>
  <object>
    <type>robndbox</type>
    <name>DownStair</name>
    <pose>Unspecified</pose>
    <truncated>0</truncated>
    <difficult>0</difficult>
    <robndbox>
      <cx>155.1682</cx>
      <cy>278.0766</cy>
      <w>80.3464</w>
      <h>117.556</h>
      <angle>0.831375</angle>
    </robndbox>
  </object>
</annotation>
