<annotation verified="no">
  <folder>greyscaled</folder>
  <filename>2022_02_27_15_00_32</filename>
  <path>D:\Academic files\thesis\Codes\Stair detection\greyscaled\2022_02_27_15_00_32.png</path>
  <source>
    <database>Unknown</database>
  </source>
  <size>
    <width>350</width>
    <height>400</height>
    <depth>1</depth>
  </size>
  <segmented>0</segmented>
  <object>
    <type>robndbox</type>
    <name>UpStair</name>
    <pose>Unspecified</pose>
    <truncated>0</truncated>
    <difficult>0</difficult>
    <robndbox>
      <cx>116.9209</cx>
      <cy>225.6872</cy>
      <w>161.728</w>
      <h>180.4446</h>
      <angle>2.566767</angle>
    </robndbox>
  </object>
</annotation>
