<annotation verified="no">
  <folder>greyscaled</folder>
  <filename>2022_03_01_17_32_38</filename>
  <path>D:\Academic files\thesis\Codes\Stair detection\greyscaled\2022_03_01_17_32_38.png</path>
  <source>
    <database>Unknown</database>
  </source>
  <size>
    <width>350</width>
    <height>400</height>
    <depth>1</depth>
  </size>
  <segmented>0</segmented>
  <object>
    <type>robndbox</type>
    <name>DownStair</name>
    <pose>Unspecified</pose>
    <truncated>0</truncated>
    <difficult>0</difficult>
    <robndbox>
      <cx>211.4913</cx>
      <cy>261.9656</cy>
      <w>177.5535</w>
      <h>208.8985</h>
      <angle>1.169691</angle>
    </robndbox>
  </object>
</annotation>
