<annotation verified="no">
  <folder>greyscaled</folder>
  <filename>2022_03_01_17_04_51</filename>
  <path>D:\Academic files\thesis\Codes\Stair detection\greyscaled\2022_03_01_17_04_51.png</path>
  <source>
    <database>Unknown</database>
  </source>
  <size>
    <width>350</width>
    <height>400</height>
    <depth>1</depth>
  </size>
  <segmented>0</segmented>
  <object>
    <type>robndbox</type>
    <name>UpStair</name>
    <pose>Unspecified</pose>
    <truncated>0</truncated>
    <difficult>0</difficult>
    <robndbox>
      <cx>196.1085</cx>
      <cy>263.3059</cy>
      <w>102.4542</w>
      <h>219.8558</h>
      <angle>2.418171</angle>
    </robndbox>
  </object>
</annotation>
