<annotation verified="no">
  <folder>greyscaled</folder>
  <filename>2022_03_01_17_08_52</filename>
  <path>D:\Academic files\thesis\Codes\Stair detection\greyscaled\2022_03_01_17_08_52.png</path>
  <source>
    <database>Unknown</database>
  </source>
  <size>
    <width>350</width>
    <height>400</height>
    <depth>1</depth>
  </size>
  <segmented>0</segmented>
  <object>
    <type>robndbox</type>
    <name>UpStair</name>
    <pose>Unspecified</pose>
    <truncated>0</truncated>
    <difficult>0</difficult>
    <robndbox>
      <cx>242.3854</cx>
      <cy>265.3551</cy>
      <w>195.4271</w>
      <h>89.6338</h>
      <angle>2.654274</angle>
    </robndbox>
  </object>
  <object>
    <type>robndbox</type>
    <name>UpStair</name>
    <pose>Unspecified</pose>
    <truncated>0</truncated>
    <difficult>0</difficult>
    <robndbox>
      <cx>241.3037</cx>
      <cy>143.9617</cy>
      <w>169.4878</w>
      <h>143.3375</h>
      <angle>2.655393</angle>
    </robndbox>
  </object>
</annotation>
