<annotation verified="no">
  <folder>Stair detection</folder>
  <filename>2022_02_26_16_09_00</filename>
  <path>D:/Academic files/thesis/Codes/Stair detection/2022_02_26_16_09_00.bmp</path>
  <source>
    <database>Unknown</database>
  </source>
  <size>
    <width>350</width>
    <height>400</height>
    <depth>1</depth>
  </size>
  <segmented>0</segmented>
  <object>
    <type>robndbox</type>
    <name>UpStair</name>
    <pose>Unspecified</pose>
    <truncated>0</truncated>
    <difficult>0</difficult>
    <robndbox>
      <cx>182.4854</cx>
      <cy>229.6909</cy>
      <w>244.1938</w>
      <h>198.5254</h>
      <angle>0.394461</angle>
    </robndbox>
  </object>
</annotation>
