<annotation verified="no">
  <folder>greyscaled</folder>
  <filename>2022_03_01_17_32_18</filename>
  <path>D:\Academic files\thesis\Codes\Stair detection\greyscaled\2022_03_01_17_32_18.png</path>
  <source>
    <database>Unknown</database>
  </source>
  <size>
    <width>350</width>
    <height>400</height>
    <depth>1</depth>
  </size>
  <segmented>0</segmented>
  <object>
    <type>robndbox</type>
    <name>UpStair</name>
    <pose>Unspecified</pose>
    <truncated>0</truncated>
    <difficult>0</difficult>
    <robndbox>
      <cx>94.0167</cx>
      <cy>258.893</cy>
      <w>159.8053</w>
      <h>102.0055</h>
      <angle>0.696184</angle>
    </robndbox>
  </object>
</annotation>
