<annotation verified="no">
  <folder>greyscaled</folder>
  <filename>2022_03_05_14_29_45</filename>
  <path>D:\Academic files\thesis\Codes\Stair detection\greyscaled\2022_03_05_14_29_45.png</path>
  <source>
    <database>Unknown</database>
  </source>
  <size>
    <width>350</width>
    <height>400</height>
    <depth>1</depth>
  </size>
  <segmented>0</segmented>
  <object>
    <type>robndbox</type>
    <name>UpStair</name>
    <pose>Unspecified</pose>
    <truncated>0</truncated>
    <difficult>0</difficult>
    <robndbox>
      <cx>143.8981</cx>
      <cy>316.541</cy>
      <w>97.2694</w>
      <h>72.8506</h>
      <angle>2.639789</angle>
    </robndbox>
  </object>
</annotation>
