<annotation verified="no">
  <folder>fitrain</folder>
  <filename>2022_02_24_15_53_35</filename>
  <path>C:\Users\sabafar2\Desktop\fitrain\2022_02_24_15_53_35.bmp</path>
  <source>
    <database>Unknown</database>
  </source>
  <size>
    <width>350</width>
    <height>400</height>
    <depth>1</depth>
  </size>
  <segmented>0</segmented>
  <object>
    <type>robndbox</type>
    <name>UpStair</name>
    <pose>Unspecified</pose>
    <truncated>0</truncated>
    <difficult>0</difficult>
    <robndbox>
      <cx>60.6026</cx>
      <cy>248.2534</cy>
      <w>106.2588</w>
      <h>134.0773</h>
      <angle>3.052505</angle>
    </robndbox>
  </object>
</annotation>
