<annotation verified="no">
  <folder>greyscaled</folder>
  <filename>2022_02_24_15_47_50</filename>
  <path>D:\Academic files\thesis\Codes\Stair detection\greyscaled\2022_02_24_15_47_50.bmp</path>
  <source>
    <database>Unknown</database>
  </source>
  <size>
    <width>350</width>
    <height>400</height>
    <depth>1</depth>
  </size>
  <segmented>0</segmented>
  <object>
    <type>robndbox</type>
    <name>UpStair</name>
    <pose>Unspecified</pose>
    <truncated>0</truncated>
    <difficult>0</difficult>
    <robndbox>
      <cx>80.17</cx>
      <cy>233.0254</cy>
      <w>125.0912</w>
      <h>155.9116</h>
      <angle>0.212316</angle>
    </robndbox>
  </object>
</annotation>
