<annotation verified="no">
  <folder>greyscaled</folder>
  <filename>2022_02_27_14_57_33</filename>
  <path>D:\Academic files\thesis\Codes\Stair detection\greyscaled\2022_02_27_14_57_33.png</path>
  <source>
    <database>Unknown</database>
  </source>
  <size>
    <width>350</width>
    <height>400</height>
    <depth>1</depth>
  </size>
  <segmented>0</segmented>
  <object>
    <type>robndbox</type>
    <name>UpStair</name>
    <pose>Unspecified</pose>
    <truncated>0</truncated>
    <difficult>0</difficult>
    <robndbox>
      <cx>112.2501</cx>
      <cy>281.4038</cy>
      <w>176.3483</w>
      <h>113.031</h>
      <angle>0.195881</angle>
    </robndbox>
  </object>
</annotation>
