<annotation verified="no">
  <folder>greyscaled</folder>
  <filename>2022_03_05_14_36_56</filename>
  <path>D:\Academic files\thesis\Codes\Stair detection\greyscaled\2022_03_05_14_36_56.png</path>
  <source>
    <database>Unknown</database>
  </source>
  <size>
    <width>350</width>
    <height>400</height>
    <depth>1</depth>
  </size>
  <segmented>0</segmented>
  <object>
    <type>robndbox</type>
    <name>UpStair</name>
    <pose>Unspecified</pose>
    <truncated>0</truncated>
    <difficult>0</difficult>
    <robndbox>
      <cx>140.5785</cx>
      <cy>216.5247</cy>
      <w>244.0171</w>
      <h>135.6017</h>
      <angle>0.227582</angle>
    </robndbox>
  </object>
</annotation>
