<annotation verified="no">
  <folder>greyscaled</folder>
  <filename>2022_03_05_14_42_19</filename>
  <path>D:\Academic files\thesis\Codes\Stair detection\greyscaled\2022_03_05_14_42_19.png</path>
  <source>
    <database>Unknown</database>
  </source>
  <size>
    <width>350</width>
    <height>400</height>
    <depth>1</depth>
  </size>
  <segmented>0</segmented>
  <object>
    <type>robndbox</type>
    <name>UpStair</name>
    <pose>Unspecified</pose>
    <truncated>0</truncated>
    <difficult>0</difficult>
    <robndbox>
      <cx>123.3809</cx>
      <cy>172.6535</cy>
      <w>123.068</w>
      <h>305.6259</h>
      <angle>0.252798</angle>
    </robndbox>
  </object>
</annotation>
