<annotation verified="no">
  <folder>greyscaled</folder>
  <filename>2022_02_27_14_44_30</filename>
  <path>D:\Academic files\thesis\Codes\Stair detection\greyscaled\2022_02_27_14_44_30.png</path>
  <source>
    <database>Unknown</database>
  </source>
  <size>
    <width>350</width>
    <height>400</height>
    <depth>1</depth>
  </size>
  <segmented>0</segmented>
  <object>
    <type>robndbox</type>
    <name>UpStair</name>
    <pose>Unspecified</pose>
    <truncated>0</truncated>
    <difficult>0</difficult>
    <robndbox>
      <cx>108.7712</cx>
      <cy>234.8248</cy>
      <w>141.5454</w>
      <h>210.1414</h>
      <angle>2.798855</angle>
    </robndbox>
  </object>
</annotation>
