<annotation verified="no">
  <folder>greyscaled</folder>
  <filename>2022_02_24_15_47_07</filename>
  <path>D:\Academic files\thesis\Codes\Stair detection\greyscaled\2022_02_24_15_47_07.bmp</path>
  <source>
    <database>Unknown</database>
  </source>
  <size>
    <width>350</width>
    <height>400</height>
    <depth>1</depth>
  </size>
  <segmented>0</segmented>
  <object>
    <type>robndbox</type>
    <name>DownStair</name>
    <pose>Unspecified</pose>
    <truncated>0</truncated>
    <difficult>0</difficult>
    <robndbox>
      <cx>195.3429</cx>
      <cy>315.0964</cy>
      <w>245.5145</w>
      <h>144.83</h>
      <angle>3.073569</angle>
    </robndbox>
  </object>
</annotation>
