<annotation verified="no">
  <folder>fitrain</folder>
  <filename>2022_02_27_14_50_52</filename>
  <path>C:\Users\sabafar2\Desktop\fitrain\2022_02_27_14_50_52.png</path>
  <source>
    <database>Unknown</database>
  </source>
  <size>
    <width>350</width>
    <height>400</height>
    <depth>1</depth>
  </size>
  <segmented>0</segmented>
  <object>
    <type>robndbox</type>
    <name>UpStair</name>
    <pose>Unspecified</pose>
    <truncated>0</truncated>
    <difficult>0</difficult>
    <robndbox>
      <cx>112.8692</cx>
      <cy>305.0098</cy>
      <w>220.3292</w>
      <h>142.7378</h>
      <angle>0.039085</angle>
    </robndbox>
  </object>
</annotation>
