<annotation verified="no">
  <folder>greyscaled</folder>
  <filename>2022_02_26_16_06_34</filename>
  <path>D:\Academic files\thesis\Codes\Stair detection\greyscaled\2022_02_26_16_06_34.png</path>
  <source>
    <database>Unknown</database>
  </source>
  <size>
    <width>350</width>
    <height>400</height>
    <depth>1</depth>
  </size>
  <segmented>0</segmented>
  <object>
    <type>robndbox</type>
    <name>DownStair</name>
    <pose>Unspecified</pose>
    <truncated>0</truncated>
    <difficult>0</difficult>
    <robndbox>
      <cx>105.022</cx>
      <cy>299.5</cy>
      <w>127.9343</w>
      <h>152.6075</h>
      <angle>0.735009</angle>
    </robndbox>
  </object>
</annotation>
