<annotation verified="no">
  <folder>greyscaled</folder>
  <filename>2022_03_01_17_30_57</filename>
  <path>D:\Academic files\thesis\Codes\Stair detection\greyscaled\2022_03_01_17_30_57.png</path>
  <source>
    <database>Unknown</database>
  </source>
  <size>
    <width>350</width>
    <height>400</height>
    <depth>1</depth>
  </size>
  <segmented>0</segmented>
  <object>
    <type>robndbox</type>
    <name>DownStair</name>
    <pose>Unspecified</pose>
    <truncated>0</truncated>
    <difficult>0</difficult>
    <robndbox>
      <cx>167.6692</cx>
      <cy>224.4775</cy>
      <w>261.5431</w>
      <h>209.261</h>
      <angle>0.593973</angle>
    </robndbox>
  </object>
</annotation>
