<annotation verified="no">
  <folder>greyscaled</folder>
  <filename>2022_02_27_15_00_18</filename>
  <path>D:\Academic files\thesis\Codes\Stair detection\greyscaled\2022_02_27_15_00_18.png</path>
  <source>
    <database>Unknown</database>
  </source>
  <size>
    <width>350</width>
    <height>400</height>
    <depth>1</depth>
  </size>
  <segmented>0</segmented>
  <object>
    <type>robndbox</type>
    <name>UpStair</name>
    <pose>Unspecified</pose>
    <truncated>0</truncated>
    <difficult>0</difficult>
    <robndbox>
      <cx>122.6779</cx>
      <cy>242.5321</cy>
      <w>157.0722</w>
      <h>234.1857</h>
      <angle>2.920447</angle>
    </robndbox>
  </object>
</annotation>
