<annotation verified="no">
  <folder>greyscaled</folder>
  <filename>2022_03_01_17_22_34</filename>
  <path>D:\Academic files\thesis\Codes\Stair detection\greyscaled\2022_03_01_17_22_34.bmp</path>
  <source>
    <database>Unknown</database>
  </source>
  <size>
    <width>350</width>
    <height>400</height>
    <depth>1</depth>
  </size>
  <segmented>0</segmented>
  <object>
    <type>robndbox</type>
    <name>UpStair</name>
    <pose>Unspecified</pose>
    <truncated>0</truncated>
    <difficult>0</difficult>
    <robndbox>
      <cx>253.7355</cx>
      <cy>274.5588</cy>
      <w>125.1232</w>
      <h>184.38</h>
      <angle>0.191987</angle>
    </robndbox>
  </object>
</annotation>
