<annotation verified="no">
  <folder>greyscaled</folder>
  <filename>2022_03_01_17_29_16</filename>
  <path>D:\Academic files\thesis\Codes\Stair detection\greyscaled\2022_03_01_17_29_16.png</path>
  <source>
    <database>Unknown</database>
  </source>
  <size>
    <width>350</width>
    <height>400</height>
    <depth>1</depth>
  </size>
  <segmented>0</segmented>
  <object>
    <type>robndbox</type>
    <name>UpStair</name>
    <pose>Unspecified</pose>
    <truncated>0</truncated>
    <difficult>0</difficult>
    <robndbox>
      <cx>80.0877</cx>
      <cy>276.3278</cy>
      <w>81.0582</w>
      <h>197.7937</h>
      <angle>2.69039</angle>
    </robndbox>
  </object>
</annotation>
