<annotation verified="no">
  <folder>greyscaled</folder>
  <filename>2022_03_05_14_36_10</filename>
  <path>D:\Academic files\thesis\Codes\Stair detection\greyscaled\2022_03_05_14_36_10.png</path>
  <source>
    <database>Unknown</database>
  </source>
  <size>
    <width>350</width>
    <height>400</height>
    <depth>1</depth>
  </size>
  <segmented>0</segmented>
  <object>
    <type>robndbox</type>
    <name>UpStair</name>
    <pose>Unspecified</pose>
    <truncated>0</truncated>
    <difficult>0</difficult>
    <robndbox>
      <cx>65.7734</cx>
      <cy>291.5167</cy>
      <w>130.774</w>
      <h>51.4201</h>
      <angle>0.75446</angle>
    </robndbox>
  </object>
</annotation>
