<annotation verified="no">
  <folder>greyscaled</folder>
  <filename>2022_02_26_16_16_50</filename>
  <path>D:\Academic files\thesis\Codes\Stair detection\greyscaled\2022_02_26_16_16_50.png</path>
  <source>
    <database>Unknown</database>
  </source>
  <size>
    <width>350</width>
    <height>400</height>
    <depth>1</depth>
  </size>
  <segmented>0</segmented>
  <object>
    <type>robndbox</type>
    <name>UpStair</name>
    <pose>Unspecified</pose>
    <truncated>0</truncated>
    <difficult>0</difficult>
    <robndbox>
      <cx>156.2384</cx>
      <cy>299.5</cy>
      <w>77.0</w>
      <h>177.0</h>
      <angle>0.540484</angle>
    </robndbox>
  </object>
</annotation>
