<annotation verified="no">
  <folder>greyscaled</folder>
  <filename>2022_02_27_14_43_50</filename>
  <path>D:\Academic files\thesis\Codes\Stair detection\greyscaled\2022_02_27_14_43_50.png</path>
  <source>
    <database>Unknown</database>
  </source>
  <size>
    <width>350</width>
    <height>400</height>
    <depth>1</depth>
  </size>
  <segmented>0</segmented>
  <object>
    <type>robndbox</type>
    <name>UpStair</name>
    <pose>Unspecified</pose>
    <truncated>0</truncated>
    <difficult>0</difficult>
    <robndbox>
      <cx>143.6836</cx>
      <cy>264.0561</cy>
      <w>139.5974</w>
      <h>234.7597</h>
      <angle>0.728433</angle>
    </robndbox>
  </object>
</annotation>
