<annotation verified="no">
  <folder>greyscaled</folder>
  <filename>2022_02_27_14_50_30</filename>
  <path>D:\Academic files\thesis\Codes\Stair detection\greyscaled\2022_02_27_14_50_30.png</path>
  <source>
    <database>Unknown</database>
  </source>
  <size>
    <width>350</width>
    <height>400</height>
    <depth>1</depth>
  </size>
  <segmented>0</segmented>
  <object>
    <type>robndbox</type>
    <name>UpStair</name>
    <pose>Unspecified</pose>
    <truncated>0</truncated>
    <difficult>0</difficult>
    <robndbox>
      <cx>125.2384</cx>
      <cy>217.0</cy>
      <w>91.2043</w>
      <h>284.0964</h>
      <angle>2.78066</angle>
    </robndbox>
  </object>
</annotation>
