<annotation verified="no">
  <folder>greyscaled</folder>
  <filename>2022_03_01_17_33_39</filename>
  <path>D:\Academic files\thesis\Codes\Stair detection\greyscaled\2022_03_01_17_33_39.png</path>
  <source>
    <database>Unknown</database>
  </source>
  <size>
    <width>350</width>
    <height>400</height>
    <depth>1</depth>
  </size>
  <segmented>0</segmented>
  <object>
    <type>robndbox</type>
    <name>DownStair</name>
    <pose>Unspecified</pose>
    <truncated>0</truncated>
    <difficult>0</difficult>
    <robndbox>
      <cx>143.6142</cx>
      <cy>274.2974</cy>
      <w>205.1403</w>
      <h>142.3733</h>
      <angle>2.701471</angle>
    </robndbox>
  </object>
</annotation>
