<annotation verified="no">
  <folder>greyscaled</folder>
  <filename>2022_03_01_17_29_10</filename>
  <path>D:\Academic files\thesis\Codes\Stair detection\greyscaled\2022_03_01_17_29_10.png</path>
  <source>
    <database>Unknown</database>
  </source>
  <size>
    <width>350</width>
    <height>400</height>
    <depth>1</depth>
  </size>
  <segmented>0</segmented>
  <object>
    <type>robndbox</type>
    <name>UpStair</name>
    <pose>Unspecified</pose>
    <truncated>0</truncated>
    <difficult>0</difficult>
    <robndbox>
      <cx>191.4414</cx>
      <cy>277.6625</cy>
      <w>201.1912</w>
      <h>112.9132</h>
      <angle>2.598419</angle>
    </robndbox>
  </object>
</annotation>
