<annotation verified="no">
  <folder>greyscaled</folder>
  <filename>2022_03_05_14_28_46</filename>
  <path>D:\Academic files\thesis\Codes\Stair detection\greyscaled\2022_03_05_14_28_46.png</path>
  <source>
    <database>Unknown</database>
  </source>
  <size>
    <width>350</width>
    <height>400</height>
    <depth>1</depth>
  </size>
  <segmented>0</segmented>
  <object>
    <type>robndbox</type>
    <name>DownStair</name>
    <pose>Unspecified</pose>
    <truncated>0</truncated>
    <difficult>0</difficult>
    <robndbox>
      <cx>103.8692</cx>
      <cy>269.7396</cy>
      <w>115.9155</w>
      <h>211.4951</h>
      <angle>2.605035</angle>
    </robndbox>
  </object>
</annotation>
