<annotation verified="no">
  <folder>greyscaled</folder>
  <filename>2022_02_27_14_58_14</filename>
  <path>D:\Academic files\thesis\Codes\Stair detection\greyscaled\2022_02_27_14_58_14.png</path>
  <source>
    <database>Unknown</database>
  </source>
  <size>
    <width>350</width>
    <height>400</height>
    <depth>1</depth>
  </size>
  <segmented>0</segmented>
  <object>
    <type>robndbox</type>
    <name>UpStair</name>
    <pose>Unspecified</pose>
    <truncated>0</truncated>
    <difficult>0</difficult>
    <robndbox>
      <cx>179.4323</cx>
      <cy>337.1878</cy>
      <w>162.2628</w>
      <h>77.4159</h>
      <angle>2.884564</angle>
    </robndbox>
  </object>
</annotation>
