<annotation verified="no">
  <folder>greyscaled</folder>
  <filename>2022_02_24_16_00_31</filename>
  <path>D:\Academic files\thesis\Codes\Stair detection\greyscaled\2022_02_24_16_00_31.bmp</path>
  <source>
    <database>Unknown</database>
  </source>
  <size>
    <width>350</width>
    <height>400</height>
    <depth>1</depth>
  </size>
  <segmented>0</segmented>
  <object>
    <type>robndbox</type>
    <name>DownStair</name>
    <pose>Unspecified</pose>
    <truncated>0</truncated>
    <difficult>0</difficult>
    <robndbox>
      <cx>143.1196</cx>
      <cy>222.2257</cy>
      <w>138.4134</w>
      <h>253.4026</h>
      <angle>2.274576</angle>
    </robndbox>
  </object>
</annotation>
