<annotation verified="no">
  <folder>greyscaled</folder>
  <filename>2022_03_05_14_43_51</filename>
  <path>D:\Academic files\thesis\Codes\Stair detection\greyscaled\2022_03_05_14_43_51.png</path>
  <source>
    <database>Unknown</database>
  </source>
  <size>
    <width>350</width>
    <height>400</height>
    <depth>1</depth>
  </size>
  <segmented>0</segmented>
  <object>
    <type>robndbox</type>
    <name>UpStair</name>
    <pose>Unspecified</pose>
    <truncated>0</truncated>
    <difficult>0</difficult>
    <robndbox>
      <cx>98.244</cx>
      <cy>252.1446</cy>
      <w>116.374</w>
      <h>170.2386</h>
      <angle>2.875919</angle>
    </robndbox>
  </object>
</annotation>
