<annotation verified="no">
  <folder>greyscaled</folder>
  <filename>2022_02_24_15_46_19</filename>
  <path>D:\Academic files\thesis\Codes\Stair detection\greyscaled\2022_02_24_15_46_19.bmp</path>
  <source>
    <database>Unknown</database>
  </source>
  <size>
    <width>350</width>
    <height>400</height>
    <depth>1</depth>
  </size>
  <segmented>0</segmented>
  <object>
    <type>robndbox</type>
    <name>UpStair</name>
    <pose>Unspecified</pose>
    <truncated>0</truncated>
    <difficult>0</difficult>
    <robndbox>
      <cx>142.9438</cx>
      <cy>153.5321</cy>
      <w>215.939</w>
      <h>198.3315</h>
      <angle>2.622447</angle>
    </robndbox>
  </object>
</annotation>
