<annotation verified="no">
  <folder>greyscaled</folder>
  <filename>2022_02_27_15_00_26</filename>
  <path>D:\Academic files\thesis\Codes\Stair detection\greyscaled\2022_02_27_15_00_26.png</path>
  <source>
    <database>Unknown</database>
  </source>
  <size>
    <width>350</width>
    <height>400</height>
    <depth>1</depth>
  </size>
  <segmented>0</segmented>
  <object>
    <type>robndbox</type>
    <name>DownStair</name>
    <pose>Unspecified</pose>
    <truncated>0</truncated>
    <difficult>0</difficult>
    <robndbox>
      <cx>178.2384</cx>
      <cy>318.5</cy>
      <w>160.143</w>
      <h>123.4998</h>
      <angle>0.266315</angle>
    </robndbox>
  </object>
</annotation>
