<annotation verified="no">
  <folder>greyscaled</folder>
  <filename>2022_03_01_17_19_41</filename>
  <path>D:\Academic files\thesis\Codes\Stair detection\greyscaled\2022_03_01_17_19_41.png</path>
  <source>
    <database>Unknown</database>
  </source>
  <size>
    <width>350</width>
    <height>400</height>
    <depth>1</depth>
  </size>
  <segmented>0</segmented>
  <object>
    <type>robndbox</type>
    <name>UpStair</name>
    <pose>Unspecified</pose>
    <truncated>0</truncated>
    <difficult>0</difficult>
    <robndbox>
      <cx>69.7384</cx>
      <cy>162.0</cy>
      <w>120.0</w>
      <h>264.0</h>
      <angle>3.075734</angle>
    </robndbox>
  </object>
</annotation>
