<annotation verified="no">
  <folder>greyscaled</folder>
  <filename>2022_03_05_14_32_22</filename>
  <path>D:\Academic files\thesis\Codes\Stair detection\greyscaled\2022_03_05_14_32_22.png</path>
  <source>
    <database>Unknown</database>
  </source>
  <size>
    <width>350</width>
    <height>400</height>
    <depth>1</depth>
  </size>
  <segmented>0</segmented>
  <object>
    <type>robndbox</type>
    <name>UpStair</name>
    <pose>Unspecified</pose>
    <truncated>0</truncated>
    <difficult>0</difficult>
    <robndbox>
      <cx>176.2531</cx>
      <cy>207.5</cy>
      <w>310.2409</w>
      <h>159.3222</h>
      <angle>0.611372</angle>
    </robndbox>
  </object>
</annotation>
