<annotation verified="no">
  <folder>greyscaled</folder>
  <filename>2022_02_27_14_53_13</filename>
  <path>D:\Academic files\thesis\Codes\Stair detection\greyscaled\2022_02_27_14_53_13.png</path>
  <source>
    <database>Unknown</database>
  </source>
  <size>
    <width>350</width>
    <height>400</height>
    <depth>1</depth>
  </size>
  <segmented>0</segmented>
  <object>
    <type>robndbox</type>
    <name>UpStair</name>
    <pose>Unspecified</pose>
    <truncated>0</truncated>
    <difficult>0</difficult>
    <robndbox>
      <cx>162.4481</cx>
      <cy>222.5895</cy>
      <w>293.9758</w>
      <h>176.8719</h>
      <angle>2.94741</angle>
    </robndbox>
  </object>
</annotation>
