<annotation verified="no">
  <folder>greyscaled</folder>
  <filename>2022_02_27_14_49_45</filename>
  <path>D:\Academic files\thesis\Codes\Stair detection\greyscaled\2022_02_27_14_49_45.png</path>
  <source>
    <database>Unknown</database>
  </source>
  <size>
    <width>350</width>
    <height>400</height>
    <depth>1</depth>
  </size>
  <segmented>0</segmented>
  <object>
    <type>robndbox</type>
    <name>UpStair</name>
    <pose>Unspecified</pose>
    <truncated>0</truncated>
    <difficult>0</difficult>
    <robndbox>
      <cx>108.2512</cx>
      <cy>169.4957</cy>
      <w>105.405</w>
      <h>259.0282</h>
      <angle>2.687229</angle>
    </robndbox>
  </object>
</annotation>
