<annotation verified="no">
  <folder>greyscaled</folder>
  <filename>2022_03_01_17_10_43</filename>
  <path>D:\Academic files\thesis\Codes\Stair detection\greyscaled\2022_03_01_17_10_43.png</path>
  <source>
    <database>Unknown</database>
  </source>
  <size>
    <width>350</width>
    <height>400</height>
    <depth>1</depth>
  </size>
  <segmented>0</segmented>
  <object>
    <type>robndbox</type>
    <name>UpStair</name>
    <pose>Unspecified</pose>
    <truncated>0</truncated>
    <difficult>0</difficult>
    <robndbox>
      <cx>215.4933</cx>
      <cy>298.7565</cy>
      <w>128.7622</w>
      <h>120.6392</h>
      <angle>0.272626</angle>
    </robndbox>
  </object>
</annotation>
