<annotation verified="no">
  <folder>greyscaled</folder>
  <filename>2022_02_26_16_25_53</filename>
  <path>D:\Academic files\thesis\Codes\Stair detection\greyscaled\2022_02_26_16_25_53.png</path>
  <source>
    <database>Unknown</database>
  </source>
  <size>
    <width>350</width>
    <height>400</height>
    <depth>1</depth>
  </size>
  <segmented>0</segmented>
  <object>
    <type>robndbox</type>
    <name>UpStair</name>
    <pose>Unspecified</pose>
    <truncated>0</truncated>
    <difficult>0</difficult>
    <robndbox>
      <cx>150.9365</cx>
      <cy>225.0851</cy>
      <w>256.58</w>
      <h>194.8741</h>
      <angle>0.240435</angle>
    </robndbox>
  </object>
</annotation>
