<annotation verified="no">
  <folder>greyscaled</folder>
  <filename>2022_02_22_13_48_42</filename>
  <path>D:\Academic files\thesis\Codes\Stair detection\greyscaled\2022_02_22_13_48_42.bmp</path>
  <source>
    <database>Unknown</database>
  </source>
  <size>
    <width>350</width>
    <height>400</height>
    <depth>1</depth>
  </size>
  <segmented>0</segmented>
  <object>
    <type>robndbox</type>
    <name>UpStair</name>
    <pose>Unspecified</pose>
    <truncated>0</truncated>
    <difficult>0</difficult>
    <robndbox>
      <cx>64.3989</cx>
      <cy>257.1212</cy>
      <w>115.6125</w>
      <h>75.2223</h>
      <angle>0.210897</angle>
    </robndbox>
  </object>
</annotation>
