<annotation verified="no">
  <folder>greyscaled</folder>
  <filename>2022_02_27_14_49_14</filename>
  <path>D:\Academic files\thesis\Codes\Stair detection\greyscaled\2022_02_27_14_49_14.png</path>
  <source>
    <database>Unknown</database>
  </source>
  <size>
    <width>350</width>
    <height>400</height>
    <depth>1</depth>
  </size>
  <segmented>0</segmented>
  <object>
    <type>robndbox</type>
    <name>UpStair</name>
    <pose>Unspecified</pose>
    <truncated>0</truncated>
    <difficult>0</difficult>
    <robndbox>
      <cx>191.6554</cx>
      <cy>192.8465</cy>
      <w>215.73</w>
      <h>227.6988</h>
      <angle>0.48123</angle>
    </robndbox>
  </object>
</annotation>
