<annotation verified="no">
  <folder>greyscaled</folder>
  <filename>2022_02_26_15_52_55</filename>
  <path>D:\Academic files\thesis\Codes\Stair detection\greyscaled\2022_02_26_15_52_55.png</path>
  <source>
    <database>Unknown</database>
  </source>
  <size>
    <width>350</width>
    <height>400</height>
    <depth>1</depth>
  </size>
  <segmented>0</segmented>
  <object>
    <type>robndbox</type>
    <name>UpStair</name>
    <pose>Unspecified</pose>
    <truncated>0</truncated>
    <difficult>0</difficult>
    <robndbox>
      <cx>91.7384</cx>
      <cy>270.5</cy>
      <w>92.0</w>
      <h>145.0</h>
      <angle>2.640157</angle>
    </robndbox>
  </object>
  <object>
    <type>robndbox</type>
    <name>UpStair</name>
    <pose>Unspecified</pose>
    <truncated>0</truncated>
    <difficult>0</difficult>
    <robndbox>
      <cx>227.5788</cx>
      <cy>233.5385</cy>
      <w>85.514</w>
      <h>160.6675</h>
      <angle>0.293347</angle>
    </robndbox>
  </object>
</annotation>
