<annotation verified="no">
  <folder>greyscaled</folder>
  <filename>2022_03_05_14_34_10</filename>
  <path>D:\Academic files\thesis\Codes\Stair detection\greyscaled\2022_03_05_14_34_10.png</path>
  <source>
    <database>Unknown</database>
  </source>
  <size>
    <width>350</width>
    <height>400</height>
    <depth>1</depth>
  </size>
  <segmented>0</segmented>
  <object>
    <type>robndbox</type>
    <name>UpStair</name>
    <pose>Unspecified</pose>
    <truncated>0</truncated>
    <difficult>0</difficult>
    <robndbox>
      <cx>118.484</cx>
      <cy>181.2014</cy>
      <w>156.0443</w>
      <h>206.4534</h>
      <angle>1.33719</angle>
    </robndbox>
  </object>
</annotation>
