<annotation verified="no">
  <folder>greyscaled</folder>
  <filename>2022_03_05_14_27_07</filename>
  <path>D:\Academic files\thesis\Codes\Stair detection\greyscaled\2022_03_05_14_27_07.png</path>
  <source>
    <database>Unknown</database>
  </source>
  <size>
    <width>350</width>
    <height>400</height>
    <depth>1</depth>
  </size>
  <segmented>0</segmented>
  <object>
    <type>robndbox</type>
    <name>UpStair</name>
    <pose>Unspecified</pose>
    <truncated>0</truncated>
    <difficult>0</difficult>
    <robndbox>
      <cx>109.7384</cx>
      <cy>324.5</cy>
      <w>136.7335</w>
      <h>112.1649</h>
      <angle>0.334855</angle>
    </robndbox>
  </object>
</annotation>
