<annotation verified="no">
  <folder>greyscaled</folder>
  <filename>2022_02_24_15_42_40</filename>
  <path>D:\Academic files\thesis\Codes\Stair detection\greyscaled\2022_02_24_15_42_40.bmp</path>
  <source>
    <database>Unknown</database>
  </source>
  <size>
    <width>350</width>
    <height>400</height>
    <depth>1</depth>
  </size>
  <segmented>0</segmented>
  <object>
    <type>robndbox</type>
    <name>DownStair</name>
    <pose>Unspecified</pose>
    <truncated>0</truncated>
    <difficult>0</difficult>
    <robndbox>
      <cx>134.7384</cx>
      <cy>213.0</cy>
      <w>90.8511</w>
      <h>283.3339</h>
      <angle>0.090186</angle>
    </robndbox>
  </object>
</annotation>
