<annotation verified="no">
  <folder>greyscaled</folder>
  <filename>2022_03_05_14_45_51</filename>
  <path>D:\Academic files\thesis\Codes\Stair detection\greyscaled\2022_03_05_14_45_51.png</path>
  <source>
    <database>Unknown</database>
  </source>
  <size>
    <width>350</width>
    <height>400</height>
    <depth>1</depth>
  </size>
  <segmented>0</segmented>
  <object>
    <type>robndbox</type>
    <name>UpStair</name>
    <pose>Unspecified</pose>
    <truncated>0</truncated>
    <difficult>0</difficult>
    <robndbox>
      <cx>139.0873</cx>
      <cy>231.6856</cy>
      <w>233.4878</w>
      <h>157.1591</h>
      <angle>1.075084</angle>
    </robndbox>
  </object>
</annotation>
