<annotation verified="no">
  <folder>greyscaled</folder>
  <filename>2022_02_27_15_01_36</filename>
  <path>D:\Academic files\thesis\Codes\Stair detection\greyscaled\2022_02_27_15_01_36.png</path>
  <source>
    <database>Unknown</database>
  </source>
  <size>
    <width>350</width>
    <height>400</height>
    <depth>1</depth>
  </size>
  <segmented>0</segmented>
  <object>
    <type>robndbox</type>
    <name>UpStair</name>
    <pose>Unspecified</pose>
    <truncated>0</truncated>
    <difficult>0</difficult>
    <robndbox>
      <cx>263.4902</cx>
      <cy>243.6389</cy>
      <w>131.5166</w>
      <h>122.6327</h>
      <angle>0.436302</angle>
    </robndbox>
  </object>
</annotation>
