<annotation verified="no">
  <folder>greyscaled</folder>
  <filename>2022_03_01_17_17_11</filename>
  <path>D:\Academic files\thesis\Codes\Stair detection\greyscaled\2022_03_01_17_17_11.png</path>
  <source>
    <database>Unknown</database>
  </source>
  <size>
    <width>350</width>
    <height>400</height>
    <depth>1</depth>
  </size>
  <segmented>0</segmented>
  <object>
    <type>robndbox</type>
    <name>DownStair</name>
    <pose>Unspecified</pose>
    <truncated>0</truncated>
    <difficult>0</difficult>
    <robndbox>
      <cx>126.4041</cx>
      <cy>281.6186</cy>
      <w>130.9</w>
      <h>196.273</h>
      <angle>0.687241</angle>
    </robndbox>
  </object>
</annotation>
