<annotation verified="no">
  <folder>greyscaled</folder>
  <filename>2022_03_01_17_05_21</filename>
  <path>D:\Academic files\thesis\Codes\Stair detection\greyscaled\2022_03_01_17_05_21.png</path>
  <source>
    <database>Unknown</database>
  </source>
  <size>
    <width>350</width>
    <height>400</height>
    <depth>1</depth>
  </size>
  <segmented>0</segmented>
  <object>
    <type>robndbox</type>
    <name>UpStair</name>
    <pose>Unspecified</pose>
    <truncated>0</truncated>
    <difficult>0</difficult>
    <robndbox>
      <cx>112.889</cx>
      <cy>261.1929</cy>
      <w>115.7081</w>
      <h>199.6572</h>
      <angle>0.83734</angle>
    </robndbox>
  </object>
</annotation>
