<annotation verified="no">
  <folder>fitest</folder>
  <filename>2022_02_26_16_18_22</filename>
  <path>C:\Users\sabafar2\Desktop\fitest\2022_02_26_16_18_22.png</path>
  <source>
    <database>Unknown</database>
  </source>
  <size>
    <width>350</width>
    <height>400</height>
    <depth>1</depth>
  </size>
  <segmented>0</segmented>
  <object>
    <type>robndbox</type>
    <name>UpStair</name>
    <pose>Unspecified</pose>
    <truncated>0</truncated>
    <difficult>0</difficult>
    <robndbox>
      <cx>161.4887</cx>
      <cy>304.6506</cy>
      <w>147.5209</w>
      <h>67.9</h>
      <angle>2.915039</angle>
    </robndbox>
  </object>
</annotation>
