<annotation verified="no">
  <folder>greyscaled</folder>
  <filename>2022_02_26_16_23_36</filename>
  <path>D:\Academic files\thesis\Codes\Stair detection\greyscaled\2022_02_26_16_23_36.png</path>
  <source>
    <database>Unknown</database>
  </source>
  <size>
    <width>350</width>
    <height>400</height>
    <depth>1</depth>
  </size>
  <segmented>0</segmented>
  <object>
    <type>robndbox</type>
    <name>DownStair</name>
    <pose>Unspecified</pose>
    <truncated>0</truncated>
    <difficult>0</difficult>
    <robndbox>
      <cx>162.8567</cx>
      <cy>271.5095</cy>
      <w>114.469</w>
      <h>150.8754</h>
      <angle>2.409483</angle>
    </robndbox>
  </object>
</annotation>
