<annotation verified="no">
  <folder>greyscaled</folder>
  <filename>2022_02_24_16_00_04</filename>
  <path>D:\Academic files\thesis\Codes\Stair detection\greyscaled\2022_02_24_16_00_04.bmp</path>
  <source>
    <database>Unknown</database>
  </source>
  <size>
    <width>350</width>
    <height>400</height>
    <depth>1</depth>
  </size>
  <segmented>0</segmented>
  <object>
    <type>robndbox</type>
    <name>UpStair</name>
    <pose>Unspecified</pose>
    <truncated>0</truncated>
    <difficult>0</difficult>
    <robndbox>
      <cx>227.5068</cx>
      <cy>180.0</cy>
      <w>127.6587</w>
      <h>237.1144</h>
      <angle>0.545112</angle>
    </robndbox>
  </object>
</annotation>
