<annotation verified="no">
  <folder>greyscaled</folder>
  <filename>2022_02_27_14_49_54</filename>
  <path>D:\Academic files\thesis\Codes\Stair detection\greyscaled\2022_02_27_14_49_54.png</path>
  <source>
    <database>Unknown</database>
  </source>
  <size>
    <width>350</width>
    <height>400</height>
    <depth>1</depth>
  </size>
  <segmented>0</segmented>
  <object>
    <type>robndbox</type>
    <name>UpStair</name>
    <pose>Unspecified</pose>
    <truncated>0</truncated>
    <difficult>0</difficult>
    <robndbox>
      <cx>213.2169</cx>
      <cy>226.7637</cy>
      <w>179.4162</w>
      <h>231.4224</h>
      <angle>0.532641</angle>
    </robndbox>
  </object>
</annotation>
