<annotation verified="no">
  <folder>greyscaled</folder>
  <filename>2022_03_05_14_38_15</filename>
  <path>D:\Academic files\thesis\Codes\Stair detection\greyscaled\2022_03_05_14_38_15.png</path>
  <source>
    <database>Unknown</database>
  </source>
  <size>
    <width>350</width>
    <height>400</height>
    <depth>1</depth>
  </size>
  <segmented>0</segmented>
  <object>
    <type>robndbox</type>
    <name>UpStair</name>
    <pose>Unspecified</pose>
    <truncated>0</truncated>
    <difficult>0</difficult>
    <robndbox>
      <cx>56.5979</cx>
      <cy>257.7954</cy>
      <w>84.2851</w>
      <h>198.7507</h>
      <angle>0.135069</angle>
    </robndbox>
  </object>
</annotation>
