<annotation verified="no">
  <folder>greyscaled</folder>
  <filename>2022_02_27_15_00_37</filename>
  <path>D:\Academic files\thesis\Codes\Stair detection\greyscaled\2022_02_27_15_00_37.png</path>
  <source>
    <database>Unknown</database>
  </source>
  <size>
    <width>350</width>
    <height>400</height>
    <depth>1</depth>
  </size>
  <segmented>0</segmented>
  <object>
    <type>robndbox</type>
    <name>UpStair</name>
    <pose>Unspecified</pose>
    <truncated>0</truncated>
    <difficult>0</difficult>
    <robndbox>
      <cx>198.9189</cx>
      <cy>295.2467</cy>
      <w>213.9475</w>
      <h>139.9775</h>
      <angle>2.870225</angle>
    </robndbox>
  </object>
</annotation>
