<annotation verified="no">
  <folder>greyscaled</folder>
  <filename>2022_03_01_17_31_45</filename>
  <path>D:\Academic files\thesis\Codes\Stair detection\greyscaled\2022_03_01_17_31_45.bmp</path>
  <source>
    <database>Unknown</database>
  </source>
  <size>
    <width>350</width>
    <height>400</height>
    <depth>1</depth>
  </size>
  <segmented>0</segmented>
  <object>
    <type>robndbox</type>
    <name>UpStair</name>
    <pose>Unspecified</pose>
    <truncated>0</truncated>
    <difficult>0</difficult>
    <robndbox>
      <cx>181.7384</cx>
      <cy>199.5</cy>
      <w>218.0</w>
      <h>315.0</h>
      <angle>0.0</angle>
    </robndbox>
  </object>
</annotation>
