<annotation verified="no">
  <folder>greyscaled</folder>
  <filename>2022_03_05_14_49_23</filename>
  <path>D:\Academic files\thesis\Codes\Stair detection\greyscaled\2022_03_05_14_49_23.png</path>
  <source>
    <database>Unknown</database>
  </source>
  <size>
    <width>350</width>
    <height>400</height>
    <depth>1</depth>
  </size>
  <segmented>0</segmented>
  <object>
    <type>robndbox</type>
    <name>UpStair</name>
    <pose>Unspecified</pose>
    <truncated>0</truncated>
    <difficult>0</difficult>
    <robndbox>
      <cx>113.3692</cx>
      <cy>297.782</cy>
      <w>189.2268</w>
      <h>125.4482</h>
      <angle>0.534469</angle>
    </robndbox>
  </object>
</annotation>
