<annotation verified="no">
  <folder>greyscaled</folder>
  <filename>2022_02_24_15_58_30</filename>
  <path>D:\Academic files\thesis\Codes\Stair detection\greyscaled\2022_02_24_15_58_30.bmp</path>
  <source>
    <database>Unknown</database>
  </source>
  <size>
    <width>350</width>
    <height>400</height>
    <depth>1</depth>
  </size>
  <segmented>0</segmented>
  <object>
    <type>robndbox</type>
    <name>UpStair</name>
    <pose>Unspecified</pose>
    <truncated>0</truncated>
    <difficult>0</difficult>
    <robndbox>
      <cx>140.1327</cx>
      <cy>233.1183</cy>
      <w>176.5633</w>
      <h>143.3287</h>
      <angle>0.15454</angle>
    </robndbox>
  </object>
</annotation>
