<annotation verified="no">
  <folder>greyscaled</folder>
  <filename>2022_02_26_15_40_53</filename>
  <path>D:\Academic files\thesis\Codes\Stair detection\greyscaled\2022_02_26_15_40_53.png</path>
  <source>
    <database>Unknown</database>
  </source>
  <size>
    <width>350</width>
    <height>400</height>
    <depth>1</depth>
  </size>
  <segmented>0</segmented>
  <object>
    <type>robndbox</type>
    <name>UpStair</name>
    <pose>Unspecified</pose>
    <truncated>0</truncated>
    <difficult>0</difficult>
    <robndbox>
      <cx>110.3692</cx>
      <cy>248.0629</cy>
      <w>198.9542</w>
      <h>95.6357</h>
      <angle>2.702001</angle>
    </robndbox>
  </object>
</annotation>
