<annotation verified="no">
  <folder>greyscaled</folder>
  <filename>2022_03_01_17_19_58</filename>
  <path>D:\Academic files\thesis\Codes\Stair detection\greyscaled\2022_03_01_17_19_58.bmp</path>
  <source>
    <database>Unknown</database>
  </source>
  <size>
    <width>350</width>
    <height>400</height>
    <depth>1</depth>
  </size>
  <segmented>0</segmented>
  <object>
    <type>robndbox</type>
    <name>UpStair</name>
    <pose>Unspecified</pose>
    <truncated>0</truncated>
    <difficult>0</difficult>
    <robndbox>
      <cx>254.2639</cx>
      <cy>345.2413</cy>
      <w>131.6916</w>
      <h>56.1993</h>
      <angle>2.695496</angle>
    </robndbox>
  </object>
</annotation>
