<annotation verified="no">
  <folder>greyscaled</folder>
  <filename>2022_02_24_15_53_23</filename>
  <path>D:\Academic files\thesis\Codes\Stair detection\greyscaled\2022_02_24_15_53_23.bmp</path>
  <source>
    <database>Unknown</database>
  </source>
  <size>
    <width>350</width>
    <height>400</height>
    <depth>1</depth>
  </size>
  <segmented>0</segmented>
  <object>
    <type>robndbox</type>
    <name>UpStair</name>
    <pose>Unspecified</pose>
    <truncated>0</truncated>
    <difficult>0</difficult>
    <robndbox>
      <cx>43.8192</cx>
      <cy>241.3596</cy>
      <w>57.7197</w>
      <h>207.7097</h>
      <angle>3.102281</angle>
    </robndbox>
  </object>
  <object>
    <type>robndbox</type>
    <name>UpStair</name>
    <pose>Unspecified</pose>
    <truncated>0</truncated>
    <difficult>0</difficult>
    <robndbox>
      <cx>174.1342</cx>
      <cy>131.0</cy>
      <w>221.9261</w>
      <h>147.6966</h>
      <angle>1.97235</angle>
    </robndbox>
  </object>
</annotation>
