<annotation verified="no">
  <folder>greyscaled</folder>
  <filename>2022_02_24_15_51_47</filename>
  <path>D:\Academic files\thesis\Codes\Stair detection\greyscaled\2022_02_24_15_51_47.bmp</path>
  <source>
    <database>Unknown</database>
  </source>
  <size>
    <width>350</width>
    <height>400</height>
    <depth>1</depth>
  </size>
  <segmented>0</segmented>
  <object>
    <type>robndbox</type>
    <name>UpStair</name>
    <pose>Unspecified</pose>
    <truncated>0</truncated>
    <difficult>0</difficult>
    <robndbox>
      <cx>108.0015</cx>
      <cy>247.5334</cy>
      <w>145.4495</w>
      <h>159.6927</h>
      <angle>2.309704</angle>
    </robndbox>
  </object>
</annotation>
