<annotation verified="no">
  <folder>greyscaled</folder>
  <filename>2022_02_27_14_55_00</filename>
  <path>D:\Academic files\thesis\Codes\Stair detection\greyscaled\2022_02_27_14_55_00.png</path>
  <source>
    <database>Unknown</database>
  </source>
  <size>
    <width>350</width>
    <height>400</height>
    <depth>1</depth>
  </size>
  <segmented>0</segmented>
  <object>
    <type>robndbox</type>
    <name>UpStair</name>
    <pose>Unspecified</pose>
    <truncated>0</truncated>
    <difficult>0</difficult>
    <robndbox>
      <cx>169.4441</cx>
      <cy>210.9103</cy>
      <w>299.2663</w>
      <h>228.9653</h>
      <angle>1.105576</angle>
    </robndbox>
  </object>
</annotation>
