<annotation verified="no">
  <folder>greyscaled</folder>
  <filename>2022_03_05_14_39_04</filename>
  <path>D:\Academic files\thesis\Codes\Stair detection\greyscaled\2022_03_05_14_39_04.png</path>
  <source>
    <database>Unknown</database>
  </source>
  <size>
    <width>350</width>
    <height>400</height>
    <depth>1</depth>
  </size>
  <segmented>0</segmented>
  <object>
    <type>robndbox</type>
    <name>UpStair</name>
    <pose>Unspecified</pose>
    <truncated>0</truncated>
    <difficult>0</difficult>
    <robndbox>
      <cx>111.2394</cx>
      <cy>245.5068</cy>
      <w>143.1197</w>
      <h>146.0546</h>
      <angle>2.59825</angle>
    </robndbox>
  </object>
</annotation>
