<annotation verified="no">
  <folder>greyscaled</folder>
  <filename>2022_02_27_15_05_58</filename>
  <path>D:\Academic files\thesis\Codes\Stair detection\greyscaled\2022_02_27_15_05_58.png</path>
  <source>
    <database>Unknown</database>
  </source>
  <size>
    <width>350</width>
    <height>400</height>
    <depth>1</depth>
  </size>
  <segmented>0</segmented>
  <object>
    <type>robndbox</type>
    <name>DownStair</name>
    <pose>Unspecified</pose>
    <truncated>0</truncated>
    <difficult>0</difficult>
    <robndbox>
      <cx>170.7384</cx>
      <cy>291.5</cy>
      <w>104.8845</w>
      <h>187.6812</h>
      <angle>2.631985</angle>
    </robndbox>
  </object>
</annotation>
