<annotation verified="no">
  <folder>greyscaled</folder>
  <filename>2022_03_01_17_04_21</filename>
  <path>D:\Academic files\thesis\Codes\Stair detection\greyscaled\2022_03_01_17_04_21.png</path>
  <source>
    <database>Unknown</database>
  </source>
  <size>
    <width>350</width>
    <height>400</height>
    <depth>1</depth>
  </size>
  <segmented>0</segmented>
  <object>
    <type>robndbox</type>
    <name>UpStair</name>
    <pose>Unspecified</pose>
    <truncated>0</truncated>
    <difficult>0</difficult>
    <robndbox>
      <cx>267.5293</cx>
      <cy>292.8308</cy>
      <w>106.3092</w>
      <h>132.653</h>
      <angle>0.524007</angle>
    </robndbox>
  </object>
  <object>
    <type>robndbox</type>
    <name>UpStair</name>
    <pose>Unspecified</pose>
    <truncated>0</truncated>
    <difficult>0</difficult>
    <robndbox>
      <cx>159.3635</cx>
      <cy>146.5586</cy>
      <w>150.3563</w>
      <h>245.1362</h>
      <angle>2.728323</angle>
    </robndbox>
  </object>
</annotation>
