<annotation verified="no">
  <folder>greyscaled</folder>
  <filename>2022_03_01_17_36_48</filename>
  <path>D:\Academic files\thesis\Codes\Stair detection\greyscaled\2022_03_01_17_36_48.png</path>
  <source>
    <database>Unknown</database>
  </source>
  <size>
    <width>350</width>
    <height>400</height>
    <depth>1</depth>
  </size>
  <segmented>0</segmented>
  <object>
    <type>robndbox</type>
    <name>DownStair</name>
    <pose>Unspecified</pose>
    <truncated>0</truncated>
    <difficult>0</difficult>
    <robndbox>
      <cx>161.0084</cx>
      <cy>229.5512</cy>
      <w>111.7197</w>
      <h>296.958</h>
      <angle>0.526197</angle>
    </robndbox>
  </object>
</annotation>
