<annotation verified="no">
  <folder>greyscaled</folder>
  <filename>2022_02_27_14_49_33</filename>
  <path>D:\Academic files\thesis\Codes\Stair detection\greyscaled\2022_02_27_14_49_33.png</path>
  <source>
    <database>Unknown</database>
  </source>
  <size>
    <width>350</width>
    <height>400</height>
    <depth>1</depth>
  </size>
  <segmented>0</segmented>
  <object>
    <type>robndbox</type>
    <name>UpStair</name>
    <pose>Unspecified</pose>
    <truncated>0</truncated>
    <difficult>0</difficult>
    <robndbox>
      <cx>100.9734</cx>
      <cy>325.5128</cy>
      <w>172.5707</w>
      <h>101.4833</h>
      <angle>3.003958</angle>
    </robndbox>
  </object>
</annotation>
