<annotation verified="no">
  <folder>greyscaled</folder>
  <filename>2022_03_01_17_36_58</filename>
  <path>D:\Academic files\thesis\Codes\Stair detection\greyscaled\2022_03_01_17_36_58.png</path>
  <source>
    <database>Unknown</database>
  </source>
  <size>
    <width>350</width>
    <height>400</height>
    <depth>1</depth>
  </size>
  <segmented>0</segmented>
  <object>
    <type>robndbox</type>
    <name>UpStair</name>
    <pose>Unspecified</pose>
    <truncated>0</truncated>
    <difficult>0</difficult>
    <robndbox>
      <cx>139.3123</cx>
      <cy>271.432</cy>
      <w>157.6641</w>
      <h>143.0938</h>
      <angle>2.795553</angle>
    </robndbox>
  </object>
</annotation>
