<annotation verified="no">
  <folder>greyscaled</folder>
  <filename>2022_03_01_17_35_59</filename>
  <path>D:\Academic files\thesis\Codes\Stair detection\greyscaled\2022_03_01_17_35_59.png</path>
  <source>
    <database>Unknown</database>
  </source>
  <size>
    <width>350</width>
    <height>400</height>
    <depth>1</depth>
  </size>
  <segmented>0</segmented>
  <object>
    <type>robndbox</type>
    <name>DownStair</name>
    <pose>Unspecified</pose>
    <truncated>0</truncated>
    <difficult>0</difficult>
    <robndbox>
      <cx>118.2271</cx>
      <cy>252.1748</cy>
      <w>212.7362</w>
      <h>123.7846</h>
      <angle>2.314906</angle>
    </robndbox>
  </object>
</annotation>
