<annotation verified="no">
  <folder>greyscaled</folder>
  <filename>2022_03_05_14_31_33</filename>
  <path>D:\Academic files\thesis\Codes\Stair detection\greyscaled\2022_03_05_14_31_33.png</path>
  <source>
    <database>Unknown</database>
  </source>
  <size>
    <width>350</width>
    <height>400</height>
    <depth>1</depth>
  </size>
  <segmented>0</segmented>
  <object>
    <type>robndbox</type>
    <name>UpStair</name>
    <pose>Unspecified</pose>
    <truncated>0</truncated>
    <difficult>0</difficult>
    <robndbox>
      <cx>181.7384</cx>
      <cy>304.0</cy>
      <w>154.0</w>
      <h>132.0</h>
      <angle>2.966269</angle>
    </robndbox>
  </object>
</annotation>
