<annotation verified="no">
  <folder>greyscaled</folder>
  <filename>2022_03_01_17_11_57</filename>
  <path>D:\Academic files\thesis\Codes\Stair detection\greyscaled\2022_03_01_17_11_57.png</path>
  <source>
    <database>Unknown</database>
  </source>
  <size>
    <width>350</width>
    <height>400</height>
    <depth>1</depth>
  </size>
  <segmented>0</segmented>
  <object>
    <type>robndbox</type>
    <name>DownStair</name>
    <pose>Unspecified</pose>
    <truncated>0</truncated>
    <difficult>0</difficult>
    <robndbox>
      <cx>200.3515</cx>
      <cy>277.2315</cy>
      <w>178.9926</w>
      <h>164.3115</h>
      <angle>2.671841</angle>
    </robndbox>
  </object>
</annotation>
