<annotation verified="no">
  <folder>fitrain</folder>
  <filename>2022_02_24_15_59_23</filename>
  <path>C:\Users\sabafar2\Desktop\fitrain\2022_02_24_15_59_23.bmp</path>
  <source>
    <database>Unknown</database>
  </source>
  <size>
    <width>350</width>
    <height>400</height>
    <depth>1</depth>
  </size>
  <segmented>0</segmented>
  <object>
    <type>robndbox</type>
    <name>UpStair</name>
    <pose>Unspecified</pose>
    <truncated>0</truncated>
    <difficult>0</difficult>
    <robndbox>
      <cx>176.7384</cx>
      <cy>344.5</cy>
      <w>166.0</w>
      <h>51.0</h>
      <angle>3.041418</angle>
    </robndbox>
  </object>
</annotation>
