<annotation verified="no">
  <folder>greyscaled</folder>
  <filename>2022_03_01_17_04_16</filename>
  <path>D:\Academic files\thesis\Codes\Stair detection\greyscaled\2022_03_01_17_04_16.png</path>
  <source>
    <database>Unknown</database>
  </source>
  <size>
    <width>350</width>
    <height>400</height>
    <depth>1</depth>
  </size>
  <segmented>0</segmented>
  <object>
    <type>robndbox</type>
    <name>UpStair</name>
    <pose>Unspecified</pose>
    <truncated>0</truncated>
    <difficult>0</difficult>
    <robndbox>
      <cx>127.8692</cx>
      <cy>156.3792</cy>
      <w>160.7453</w>
      <h>251.0897</h>
      <angle>2.680085</angle>
    </robndbox>
  </object>
  <object>
    <type>robndbox</type>
    <name>UpStair</name>
    <pose>Unspecified</pose>
    <truncated>0</truncated>
    <difficult>0</difficult>
    <robndbox>
      <cx>259.9569</cx>
      <cy>308.7499</cy>
      <w>134.1508</w>
      <h>121.9095</h>
      <angle>2.216303</angle>
    </robndbox>
  </object>
</annotation>
