<annotation verified="no">
  <folder>greyscaled</folder>
  <filename>2022_03_05_14_35_48</filename>
  <path>D:\Academic files\thesis\Codes\Stair detection\greyscaled\2022_03_05_14_35_48.png</path>
  <source>
    <database>Unknown</database>
  </source>
  <size>
    <width>350</width>
    <height>400</height>
    <depth>1</depth>
  </size>
  <segmented>0</segmented>
  <object>
    <type>robndbox</type>
    <name>UpStair</name>
    <pose>Unspecified</pose>
    <truncated>0</truncated>
    <difficult>0</difficult>
    <robndbox>
      <cx>112.9965</cx>
      <cy>300.0627</cy>
      <w>208.0351</w>
      <h>107.7713</h>
      <angle>0.211005</angle>
    </robndbox>
  </object>
</annotation>
