<annotation verified="no">
  <folder>fitrain</folder>
  <filename>2022_02_26_15_48_11</filename>
  <path>C:\Users\sabafar2\Desktop\fitrain\2022_02_26_15_48_11.png</path>
  <source>
    <database>Unknown</database>
  </source>
  <size>
    <width>350</width>
    <height>400</height>
    <depth>1</depth>
  </size>
  <segmented>0</segmented>
  <object>
    <type>robndbox</type>
    <name>UpStair</name>
    <pose>Unspecified</pose>
    <truncated>0</truncated>
    <difficult>0</difficult>
    <robndbox>
      <cx>110.1382</cx>
      <cy>277.3894</cy>
      <w>102.3965</w>
      <h>229.7045</h>
      <angle>3.095821</angle>
    </robndbox>
  </object>
</annotation>
