<annotation verified="no">
  <folder>greyscaled</folder>
  <filename>2022_02_26_15_42_30</filename>
  <path>D:\Academic files\thesis\Codes\Stair detection\greyscaled\2022_02_26_15_42_30.png</path>
  <source>
    <database>Unknown</database>
  </source>
  <size>
    <width>350</width>
    <height>400</height>
    <depth>1</depth>
  </size>
  <segmented>0</segmented>
  <object>
    <type>robndbox</type>
    <name>DownStair</name>
    <pose>Unspecified</pose>
    <truncated>0</truncated>
    <difficult>0</difficult>
    <robndbox>
      <cx>144.7384</cx>
      <cy>276.5</cy>
      <w>98.0</w>
      <h>203.0</h>
      <angle>2.615387</angle>
    </robndbox>
  </object>
</annotation>
