<annotation verified="no">
  <folder>greyscaled</folder>
  <filename>2022_03_01_17_03_53</filename>
  <path>D:\Academic files\thesis\Codes\Stair detection\greyscaled\2022_03_01_17_03_53.png</path>
  <source>
    <database>Unknown</database>
  </source>
  <size>
    <width>350</width>
    <height>400</height>
    <depth>1</depth>
  </size>
  <segmented>0</segmented>
  <object>
    <type>robndbox</type>
    <name>UpStair</name>
    <pose>Unspecified</pose>
    <truncated>0</truncated>
    <difficult>0</difficult>
    <robndbox>
      <cx>152.147</cx>
      <cy>240.9021</cy>
      <w>232.5996</w>
      <h>133.3633</h>
      <angle>3.131066</angle>
    </robndbox>
  </object>
</annotation>
