<annotation verified="no">
  <folder>greyscaled</folder>
  <filename>2022_03_05_14_41_58</filename>
  <path>D:\Academic files\thesis\Codes\Stair detection\greyscaled\2022_03_05_14_41_58.png</path>
  <source>
    <database>Unknown</database>
  </source>
  <size>
    <width>350</width>
    <height>400</height>
    <depth>1</depth>
  </size>
  <segmented>0</segmented>
  <object>
    <type>robndbox</type>
    <name>UpStair</name>
    <pose>Unspecified</pose>
    <truncated>0</truncated>
    <difficult>0</difficult>
    <robndbox>
      <cx>115.9929</cx>
      <cy>169.947</cy>
      <w>194.0488</w>
      <h>302.3907</h>
      <angle>3.026501</angle>
    </robndbox>
  </object>
</annotation>
