<annotation verified="no">
  <folder>greyscaled</folder>
  <filename>2022_03_01_17_37_24</filename>
  <path>D:\Academic files\thesis\Codes\Stair detection\greyscaled\2022_03_01_17_37_24.png</path>
  <source>
    <database>Unknown</database>
  </source>
  <size>
    <width>350</width>
    <height>400</height>
    <depth>1</depth>
  </size>
  <segmented>0</segmented>
  <object>
    <type>robndbox</type>
    <name>UpStair</name>
    <pose>Unspecified</pose>
    <truncated>0</truncated>
    <difficult>0</difficult>
    <robndbox>
      <cx>80.6421</cx>
      <cy>288.0627</cy>
      <w>97.2838</w>
      <h>150.453</h>
      <angle>2.886626</angle>
    </robndbox>
  </object>
</annotation>
