<annotation verified="no">
  <folder>greyscaled</folder>
  <filename>2022_03_01_17_02_59</filename>
  <path>D:\Academic files\thesis\Codes\Stair detection\greyscaled\2022_03_01_17_02_59.png</path>
  <source>
    <database>Unknown</database>
  </source>
  <size>
    <width>350</width>
    <height>400</height>
    <depth>1</depth>
  </size>
  <segmented>0</segmented>
  <object>
    <type>robndbox</type>
    <name>UpStair</name>
    <pose>Unspecified</pose>
    <truncated>0</truncated>
    <difficult>0</difficult>
    <robndbox>
      <cx>242.1438</cx>
      <cy>239.2435</cy>
      <w>185.4605</w>
      <h>160.9813</h>
      <angle>0.063851</angle>
    </robndbox>
  </object>
</annotation>
