<annotation verified="no">
  <folder>greyscaled</folder>
  <filename>2022_02_27_14_55_20</filename>
  <path>D:\Academic files\thesis\Codes\Stair detection\greyscaled\2022_02_27_14_55_20.png</path>
  <source>
    <database>Unknown</database>
  </source>
  <size>
    <width>350</width>
    <height>400</height>
    <depth>1</depth>
  </size>
  <segmented>0</segmented>
  <object>
    <type>robndbox</type>
    <name>UpStair</name>
    <pose>Unspecified</pose>
    <truncated>0</truncated>
    <difficult>0</difficult>
    <robndbox>
      <cx>155.7384</cx>
      <cy>104.0</cy>
      <w>261.6956</w>
      <h>171.8587</h>
      <angle>2.99603</angle>
    </robndbox>
  </object>
</annotation>
