<annotation verified="no">
  <folder>greyscaled</folder>
  <filename>2022_03_01_17_31_27</filename>
  <path>D:\Academic files\thesis\Codes\Stair detection\greyscaled\2022_03_01_17_31_27.png</path>
  <source>
    <database>Unknown</database>
  </source>
  <size>
    <width>350</width>
    <height>400</height>
    <depth>1</depth>
  </size>
  <segmented>0</segmented>
  <object>
    <type>robndbox</type>
    <name>DownStair</name>
    <pose>Unspecified</pose>
    <truncated>0</truncated>
    <difficult>0</difficult>
    <robndbox>
      <cx>155.1103</cx>
      <cy>226.2925</cy>
      <w>227.3144</w>
      <h>208.4948</h>
      <angle>0.746582</angle>
    </robndbox>
  </object>
</annotation>
