<annotation verified="no">
  <folder>greyscaled</folder>
  <filename>2022_03_05_14_35_03</filename>
  <path>D:\Academic files\thesis\Codes\Stair detection\greyscaled\2022_03_05_14_35_03.png</path>
  <source>
    <database>Unknown</database>
  </source>
  <size>
    <width>350</width>
    <height>400</height>
    <depth>1</depth>
  </size>
  <segmented>0</segmented>
  <object>
    <type>robndbox</type>
    <name>UpStair</name>
    <pose>Unspecified</pose>
    <truncated>0</truncated>
    <difficult>0</difficult>
    <robndbox>
      <cx>67.6146</cx>
      <cy>222.9201</cy>
      <w>82.237</w>
      <h>285.0733</h>
      <angle>2.962317</angle>
    </robndbox>
  </object>
</annotation>
