<annotation verified="no">
  <folder>greyscaled</folder>
  <filename>2022_03_05_14_39_28</filename>
  <path>D:\Academic files\thesis\Codes\Stair detection\greyscaled\2022_03_05_14_39_28.png</path>
  <source>
    <database>Unknown</database>
  </source>
  <size>
    <width>350</width>
    <height>400</height>
    <depth>1</depth>
  </size>
  <segmented>0</segmented>
  <object>
    <type>robndbox</type>
    <name>UpStair</name>
    <pose>Unspecified</pose>
    <truncated>0</truncated>
    <difficult>0</difficult>
    <robndbox>
      <cx>186.1569</cx>
      <cy>214.7441</cy>
      <w>128.7503</w>
      <h>258.192</h>
      <angle>2.681918</angle>
    </robndbox>
  </object>
</annotation>
