<annotation verified="no">
  <folder>greyscaled</folder>
  <filename>2022_02_24_16_00_16</filename>
  <path>D:\Academic files\thesis\Codes\Stair detection\greyscaled\2022_02_24_16_00_16.bmp</path>
  <source>
    <database>Unknown</database>
  </source>
  <size>
    <width>350</width>
    <height>400</height>
    <depth>1</depth>
  </size>
  <segmented>0</segmented>
  <object>
    <type>robndbox</type>
    <name>UpStair</name>
    <pose>Unspecified</pose>
    <truncated>0</truncated>
    <difficult>0</difficult>
    <robndbox>
      <cx>264.8692</cx>
      <cy>290.3373</cy>
      <w>88.4263</w>
      <h>129.457</h>
      <angle>1.170503</angle>
    </robndbox>
  </object>
</annotation>
