<annotation verified="no">
  <folder>greyscaled</folder>
  <filename>2022_02_24_15_43_33</filename>
  <path>D:\Academic files\thesis\Codes\Stair detection\greyscaled\2022_02_24_15_43_33.bmp</path>
  <source>
    <database>Unknown</database>
  </source>
  <size>
    <width>350</width>
    <height>400</height>
    <depth>1</depth>
  </size>
  <segmented>0</segmented>
  <object>
    <type>robndbox</type>
    <name>UpStair</name>
    <pose>Unspecified</pose>
    <truncated>0</truncated>
    <difficult>0</difficult>
    <robndbox>
      <cx>228.5931</cx>
      <cy>259.6777</cy>
      <w>119.9525</w>
      <h>155.4224</h>
      <angle>2.950735</angle>
    </robndbox>
  </object>
</annotation>
