<annotation verified="no">
  <folder>greyscaled</folder>
  <filename>2022_02_27_14_44_38</filename>
  <path>D:\Academic files\thesis\Codes\Stair detection\greyscaled\2022_02_27_14_44_38.png</path>
  <source>
    <database>Unknown</database>
  </source>
  <size>
    <width>350</width>
    <height>400</height>
    <depth>1</depth>
  </size>
  <segmented>0</segmented>
  <object>
    <type>robndbox</type>
    <name>UpStair</name>
    <pose>Unspecified</pose>
    <truncated>0</truncated>
    <difficult>0</difficult>
    <robndbox>
      <cx>195.6461</cx>
      <cy>164.3392</cy>
      <w>167.8743</w>
      <h>245.991</h>
      <angle>0.19242</angle>
    </robndbox>
  </object>
</annotation>
