<annotation verified="no">
  <folder>greyscaled</folder>
  <filename>2022_02_27_14_56_36</filename>
  <path>D:\Academic files\thesis\Codes\Stair detection\greyscaled\2022_02_27_14_56_36.png</path>
  <source>
    <database>Unknown</database>
  </source>
  <size>
    <width>350</width>
    <height>400</height>
    <depth>1</depth>
  </size>
  <segmented>0</segmented>
  <object>
    <type>robndbox</type>
    <name>DownStair</name>
    <pose>Unspecified</pose>
    <truncated>0</truncated>
    <difficult>0</difficult>
    <robndbox>
      <cx>144.0387</cx>
      <cy>207.5532</cy>
      <w>145.1419</w>
      <h>272.3542</h>
      <angle>0.713791</angle>
    </robndbox>
  </object>
</annotation>
