<annotation verified="no">
  <folder>greyscaled</folder>
  <filename>2022_03_05_14_28_16</filename>
  <path>D:\Academic files\thesis\Codes\Stair detection\greyscaled\2022_03_05_14_28_16.png</path>
  <source>
    <database>Unknown</database>
  </source>
  <size>
    <width>350</width>
    <height>400</height>
    <depth>1</depth>
  </size>
  <segmented>0</segmented>
  <object>
    <type>robndbox</type>
    <name>UpStair</name>
    <pose>Unspecified</pose>
    <truncated>0</truncated>
    <difficult>0</difficult>
    <robndbox>
      <cx>146.2384</cx>
      <cy>214.5</cy>
      <w>267.0</w>
      <h>115.0</h>
      <angle>2.872972</angle>
    </robndbox>
  </object>
</annotation>
