<annotation verified="no">
  <folder>greyscaled</folder>
  <filename>2022_02_27_14_51_53</filename>
  <path>D:\Academic files\thesis\Codes\Stair detection\greyscaled\2022_02_27_14_51_53.png</path>
  <source>
    <database>Unknown</database>
  </source>
  <size>
    <width>350</width>
    <height>400</height>
    <depth>1</depth>
  </size>
  <segmented>0</segmented>
  <object>
    <type>robndbox</type>
    <name>UpStair</name>
    <pose>Unspecified</pose>
    <truncated>0</truncated>
    <difficult>0</difficult>
    <robndbox>
      <cx>95.0504</cx>
      <cy>315.9713</cy>
      <w>116.2007</w>
      <h>106.873</h>
      <angle>0.670577</angle>
    </robndbox>
  </object>
</annotation>
