<annotation verified="no">
  <folder>greyscaled</folder>
  <filename>2022_02_27_14_54_03</filename>
  <path>D:\Academic files\thesis\Codes\Stair detection\greyscaled\2022_02_27_14_54_03.png</path>
  <source>
    <database>Unknown</database>
  </source>
  <size>
    <width>350</width>
    <height>400</height>
    <depth>1</depth>
  </size>
  <segmented>0</segmented>
  <object>
    <type>robndbox</type>
    <name>UpStair</name>
    <pose>Unspecified</pose>
    <truncated>0</truncated>
    <difficult>0</difficult>
    <robndbox>
      <cx>148.3181</cx>
      <cy>271.7427</cy>
      <w>140.7226</w>
      <h>118.527</h>
      <angle>0.837739</angle>
    </robndbox>
  </object>
</annotation>
