<annotation verified="no">
  <folder>greyscaled</folder>
  <filename>2022_03_01_17_20_37</filename>
  <path>D:\Academic files\thesis\Codes\Stair detection\greyscaled\2022_03_01_17_20_37.png</path>
  <source>
    <database>Unknown</database>
  </source>
  <size>
    <width>350</width>
    <height>400</height>
    <depth>1</depth>
  </size>
  <segmented>0</segmented>
  <object>
    <type>robndbox</type>
    <name>DownStair</name>
    <pose>Unspecified</pose>
    <truncated>0</truncated>
    <difficult>0</difficult>
    <robndbox>
      <cx>92.4594</cx>
      <cy>274.5</cy>
      <w>124.8403</w>
      <h>136.6195</h>
      <angle>0.870527</angle>
    </robndbox>
  </object>
</annotation>
