<annotation verified="no">
  <folder>greyscaled</folder>
  <filename>2022_02_27_14_54_50</filename>
  <path>D:\Academic files\thesis\Codes\Stair detection\greyscaled\2022_02_27_14_54_50.png</path>
  <source>
    <database>Unknown</database>
  </source>
  <size>
    <width>350</width>
    <height>400</height>
    <depth>1</depth>
  </size>
  <segmented>0</segmented>
  <object>
    <type>robndbox</type>
    <name>UpStair</name>
    <pose>Unspecified</pose>
    <truncated>0</truncated>
    <difficult>0</difficult>
    <robndbox>
      <cx>180.1502</cx>
      <cy>137.1026</cy>
      <w>278.1042</w>
      <h>174.2178</h>
      <angle>0.424526</angle>
    </robndbox>
  </object>
</annotation>
