<annotation verified="no">
  <folder>greyscaled</folder>
  <filename>2022_02_27_14_53_23</filename>
  <path>D:\Academic files\thesis\Codes\Stair detection\greyscaled\2022_02_27_14_53_23.png</path>
  <source>
    <database>Unknown</database>
  </source>
  <size>
    <width>350</width>
    <height>400</height>
    <depth>1</depth>
  </size>
  <segmented>0</segmented>
  <object>
    <type>robndbox</type>
    <name>UpStair</name>
    <pose>Unspecified</pose>
    <truncated>0</truncated>
    <difficult>0</difficult>
    <robndbox>
      <cx>91.5732</cx>
      <cy>323.7774</cy>
      <w>142.0016</w>
      <h>82.2</h>
      <angle>0.595217</angle>
    </robndbox>
  </object>
</annotation>
