<annotation verified="no">
  <folder>fitrain</folder>
  <filename>2022_02_27_15_05_50</filename>
  <path>C:\Users\sabafar2\Desktop\fitrain\2022_02_27_15_05_50.png</path>
  <source>
    <database>Unknown</database>
  </source>
  <size>
    <width>350</width>
    <height>400</height>
    <depth>1</depth>
  </size>
  <segmented>0</segmented>
  <object>
    <type>robndbox</type>
    <name>UpStair</name>
    <pose>Unspecified</pose>
    <truncated>0</truncated>
    <difficult>0</difficult>
    <robndbox>
      <cx>148.882</cx>
      <cy>182.1821</cy>
      <w>271.4651</w>
      <h>341.6925</h>
      <angle>0.054615</angle>
    </robndbox>
  </object>
</annotation>
