<annotation verified="no">
  <folder>greyscaled</folder>
  <filename>2022_02_27_14_51_45</filename>
  <path>D:\Academic files\thesis\Codes\Stair detection\greyscaled\2022_02_27_14_51_45.png</path>
  <source>
    <database>Unknown</database>
  </source>
  <size>
    <width>350</width>
    <height>400</height>
    <depth>1</depth>
  </size>
  <segmented>0</segmented>
  <object>
    <type>robndbox</type>
    <name>UpStair</name>
    <pose>Unspecified</pose>
    <truncated>0</truncated>
    <difficult>0</difficult>
    <robndbox>
      <cx>148.0424</cx>
      <cy>218.6066</cy>
      <w>138.879</w>
      <h>298.1269</h>
      <angle>0.684423</angle>
    </robndbox>
  </object>
</annotation>
