<annotation verified="no">
  <folder>greyscaled</folder>
  <filename>2022_03_01_17_15_35</filename>
  <path>D:\Academic files\thesis\Codes\Stair detection\greyscaled\2022_03_01_17_15_35.png</path>
  <source>
    <database>Unknown</database>
  </source>
  <size>
    <width>350</width>
    <height>400</height>
    <depth>1</depth>
  </size>
  <segmented>0</segmented>
  <object>
    <type>robndbox</type>
    <name>UpStair</name>
    <pose>Unspecified</pose>
    <truncated>0</truncated>
    <difficult>0</difficult>
    <robndbox>
      <cx>194.4069</cx>
      <cy>245.4792</cy>
      <w>222.1582</w>
      <h>172.6269</h>
      <angle>2.839174</angle>
    </robndbox>
  </object>
</annotation>
