<annotation verified="no">
  <folder>greyscaled</folder>
  <filename>2022_03_01_17_22_13</filename>
  <path>D:\Academic files\thesis\Codes\Stair detection\greyscaled\2022_03_01_17_22_13.png</path>
  <source>
    <database>Unknown</database>
  </source>
  <size>
    <width>350</width>
    <height>400</height>
    <depth>1</depth>
  </size>
  <segmented>0</segmented>
  <object>
    <type>robndbox</type>
    <name>UpStair</name>
    <pose>Unspecified</pose>
    <truncated>0</truncated>
    <difficult>0</difficult>
    <robndbox>
      <cx>177.2356</cx>
      <cy>163.5059</cy>
      <w>310.2224</w>
      <h>163.3342</h>
      <angle>0.672261</angle>
    </robndbox>
  </object>
</annotation>
