<annotation verified="no">
  <folder>greyscaled</folder>
  <filename>2022_02_27_14_52_22</filename>
  <path>D:\Academic files\thesis\Codes\Stair detection\greyscaled\2022_02_27_14_52_22.png</path>
  <source>
    <database>Unknown</database>
  </source>
  <size>
    <width>350</width>
    <height>400</height>
    <depth>1</depth>
  </size>
  <segmented>0</segmented>
  <object>
    <type>robndbox</type>
    <name>UpStair</name>
    <pose>Unspecified</pose>
    <truncated>0</truncated>
    <difficult>0</difficult>
    <robndbox>
      <cx>139.3282</cx>
      <cy>325.1546</cy>
      <w>118.3369</w>
      <h>64.9298</h>
      <angle>2.3365</angle>
    </robndbox>
  </object>
  <object>
    <type>robndbox</type>
    <name>UpStair</name>
    <pose>Unspecified</pose>
    <truncated>0</truncated>
    <difficult>0</difficult>
    <robndbox>
      <cx>197.8916</cx>
      <cy>187.0377</cy>
      <w>62.6475</w>
      <h>164.5964</h>
      <angle>0.205781</angle>
    </robndbox>
  </object>
</annotation>
