<annotation verified="no">
  <folder>greyscaled</folder>
  <filename>2022_02_24_15_46_36</filename>
  <path>D:\Academic files\thesis\Codes\Stair detection\greyscaled\2022_02_24_15_46_36.bmp</path>
  <source>
    <database>Unknown</database>
  </source>
  <size>
    <width>350</width>
    <height>400</height>
    <depth>1</depth>
  </size>
  <segmented>0</segmented>
  <object>
    <type>robndbox</type>
    <name>UpStair</name>
    <pose>Unspecified</pose>
    <truncated>0</truncated>
    <difficult>0</difficult>
    <robndbox>
      <cx>89.9022</cx>
      <cy>231.7013</cy>
      <w>152.7393</w>
      <h>109.5868</h>
      <angle>1.042035</angle>
    </robndbox>
  </object>
</annotation>
