<annotation verified="no">
  <folder>greyscaled</folder>
  <filename>2022_03_01_17_04_46</filename>
  <path>D:\Academic files\thesis\Codes\Stair detection\greyscaled\2022_03_01_17_04_46.png</path>
  <source>
    <database>Unknown</database>
  </source>
  <size>
    <width>350</width>
    <height>400</height>
    <depth>1</depth>
  </size>
  <segmented>0</segmented>
  <object>
    <type>robndbox</type>
    <name>DownStair</name>
    <pose>Unspecified</pose>
    <truncated>0</truncated>
    <difficult>0</difficult>
    <robndbox>
      <cx>142.4693</cx>
      <cy>261.0118</cy>
      <w>88.4192</w>
      <h>261.236</h>
      <angle>0.707301</angle>
    </robndbox>
  </object>
</annotation>
