<annotation verified="no">
  <folder>greyscaled</folder>
  <filename>2022_03_01_17_20_26</filename>
  <path>D:\Academic files\thesis\Codes\Stair detection\greyscaled\2022_03_01_17_20_26.png</path>
  <source>
    <database>Unknown</database>
  </source>
  <size>
    <width>350</width>
    <height>400</height>
    <depth>1</depth>
  </size>
  <segmented>0</segmented>
  <object>
    <type>robndbox</type>
    <name>DownStair</name>
    <pose>Unspecified</pose>
    <truncated>0</truncated>
    <difficult>0</difficult>
    <robndbox>
      <cx>240.2384</cx>
      <cy>275.0</cy>
      <w>164.0762</w>
      <h>158.8206</h>
      <angle>0.256495</angle>
    </robndbox>
  </object>
</annotation>
