<annotation verified="no">
  <folder>greyscaled</folder>
  <filename>2022_02_26_16_17_17</filename>
  <path>D:\Academic files\thesis\Codes\Stair detection\greyscaled\2022_02_26_16_17_17.png</path>
  <source>
    <database>Unknown</database>
  </source>
  <size>
    <width>350</width>
    <height>400</height>
    <depth>1</depth>
  </size>
  <segmented>0</segmented>
  <object>
    <type>robndbox</type>
    <name>UpStair</name>
    <pose>Unspecified</pose>
    <truncated>0</truncated>
    <difficult>0</difficult>
    <robndbox>
      <cx>141.4918</cx>
      <cy>261.8369</cy>
      <w>82.2189</w>
      <h>282.576</h>
      <angle>0.874994</angle>
    </robndbox>
  </object>
</annotation>
