<annotation verified="no">
  <folder>greyscaled</folder>
  <filename>2022_03_01_17_17_32</filename>
  <path>D:\Academic files\thesis\Codes\Stair detection\greyscaled\2022_03_01_17_17_32.png</path>
  <source>
    <database>Unknown</database>
  </source>
  <size>
    <width>350</width>
    <height>400</height>
    <depth>1</depth>
  </size>
  <segmented>0</segmented>
  <object>
    <type>robndbox</type>
    <name>UpStair</name>
    <pose>Unspecified</pose>
    <truncated>0</truncated>
    <difficult>0</difficult>
    <robndbox>
      <cx>190.6895</cx>
      <cy>218.7924</cy>
      <w>231.4544</w>
      <h>258.6944</h>
      <angle>0.38273</angle>
    </robndbox>
  </object>
</annotation>
