<annotation verified="no">
  <folder>greyscaled</folder>
  <filename>2022_02_27_14_58_52</filename>
  <path>D:\Academic files\thesis\Codes\Stair detection\greyscaled\2022_02_27_14_58_52.png</path>
  <source>
    <database>Unknown</database>
  </source>
  <size>
    <width>350</width>
    <height>400</height>
    <depth>1</depth>
  </size>
  <segmented>0</segmented>
  <object>
    <type>robndbox</type>
    <name>UpStair</name>
    <pose>Unspecified</pose>
    <truncated>0</truncated>
    <difficult>0</difficult>
    <robndbox>
      <cx>136.3982</cx>
      <cy>179.8981</cy>
      <w>128.9801</w>
      <h>296.4849</h>
      <angle>0.58856</angle>
    </robndbox>
  </object>
</annotation>
