<annotation verified="no">
  <folder>greyscaled</folder>
  <filename>2022_02_27_14_43_04</filename>
  <path>D:\Academic files\thesis\Codes\Stair detection\greyscaled\2022_02_27_14_43_04.png</path>
  <source>
    <database>Unknown</database>
  </source>
  <size>
    <width>350</width>
    <height>400</height>
    <depth>1</depth>
  </size>
  <segmented>0</segmented>
  <object>
    <type>robndbox</type>
    <name>UpStair</name>
    <pose>Unspecified</pose>
    <truncated>0</truncated>
    <difficult>0</difficult>
    <robndbox>
      <cx>148.7384</cx>
      <cy>335.5</cy>
      <w>102.582</w>
      <h>76.1704</h>
      <angle>2.319293</angle>
    </robndbox>
  </object>
</annotation>
