<annotation verified="no">
  <folder>greyscaled</folder>
  <filename>2022_03_01_17_29_05</filename>
  <path>D:\Academic files\thesis\Codes\Stair detection\greyscaled\2022_03_01_17_29_05.png</path>
  <source>
    <database>Unknown</database>
  </source>
  <size>
    <width>350</width>
    <height>400</height>
    <depth>1</depth>
  </size>
  <segmented>0</segmented>
  <object>
    <type>robndbox</type>
    <name>UpStair</name>
    <pose>Unspecified</pose>
    <truncated>0</truncated>
    <difficult>0</difficult>
    <robndbox>
      <cx>103.6883</cx>
      <cy>240.229</cy>
      <w>208.1846</w>
      <h>99.5043</h>
      <angle>0.899777</angle>
    </robndbox>
  </object>
</annotation>
