<annotation verified="no">
  <folder>greyscaled</folder>
  <filename>2022_02_27_14_50_44</filename>
  <path>D:\Academic files\thesis\Codes\Stair detection\greyscaled\2022_02_27_14_50_44.png</path>
  <source>
    <database>Unknown</database>
  </source>
  <size>
    <width>350</width>
    <height>400</height>
    <depth>1</depth>
  </size>
  <segmented>0</segmented>
  <object>
    <type>robndbox</type>
    <name>UpStair</name>
    <pose>Unspecified</pose>
    <truncated>0</truncated>
    <difficult>0</difficult>
    <robndbox>
      <cx>193.733</cx>
      <cy>212.1174</cy>
      <w>124.997</w>
      <h>298.4606</h>
      <angle>3.076967</angle>
    </robndbox>
  </object>
</annotation>
