<annotation verified="no">
  <folder>greyscaled</folder>
  <filename>2022_03_01_17_36_32</filename>
  <path>D:\Academic files\thesis\Codes\Stair detection\greyscaled\2022_03_01_17_36_32.png</path>
  <source>
    <database>Unknown</database>
  </source>
  <size>
    <width>350</width>
    <height>400</height>
    <depth>1</depth>
  </size>
  <segmented>0</segmented>
  <object>
    <type>robndbox</type>
    <name>UpStair</name>
    <pose>Unspecified</pose>
    <truncated>0</truncated>
    <difficult>0</difficult>
    <robndbox>
      <cx>153.3837</cx>
      <cy>190.099</cy>
      <w>249.1711</w>
      <h>176.7395</h>
      <angle>2.596074</angle>
    </robndbox>
  </object>
</annotation>
