<annotation verified="no">
  <folder>greyscaled</folder>
  <filename>2022_02_27_15_05_40</filename>
  <path>D:\Academic files\thesis\Codes\Stair detection\greyscaled\2022_02_27_15_05_40.png</path>
  <source>
    <database>Unknown</database>
  </source>
  <size>
    <width>350</width>
    <height>400</height>
    <depth>1</depth>
  </size>
  <segmented>0</segmented>
  <object>
    <type>robndbox</type>
    <name>UpStair</name>
    <pose>Unspecified</pose>
    <truncated>0</truncated>
    <difficult>0</difficult>
    <robndbox>
      <cx>223.6483</cx>
      <cy>192.7553</cy>
      <w>121.0209</w>
      <h>259.4116</h>
      <angle>2.739061</angle>
    </robndbox>
  </object>
</annotation>
