<annotation verified="no">
  <folder>greyscaled</folder>
  <filename>2022_03_01_17_10_11</filename>
  <path>D:\Academic files\thesis\Codes\Stair detection\greyscaled\2022_03_01_17_10_11.png</path>
  <source>
    <database>Unknown</database>
  </source>
  <size>
    <width>350</width>
    <height>400</height>
    <depth>1</depth>
  </size>
  <segmented>0</segmented>
  <object>
    <type>robndbox</type>
    <name>UpStair</name>
    <pose>Unspecified</pose>
    <truncated>0</truncated>
    <difficult>0</difficult>
    <robndbox>
      <cx>147.729</cx>
      <cy>166.1175</cy>
      <w>243.5728</w>
      <h>182.1175</h>
      <angle>0.900591</angle>
    </robndbox>
  </object>
</annotation>
