<annotation verified="no">
  <folder>greyscaled</folder>
  <filename>2022_03_05_14_28_40</filename>
  <path>D:\Academic files\thesis\Codes\Stair detection\greyscaled\2022_03_05_14_28_40.png</path>
  <source>
    <database>Unknown</database>
  </source>
  <size>
    <width>350</width>
    <height>400</height>
    <depth>1</depth>
  </size>
  <segmented>0</segmented>
  <object>
    <type>robndbox</type>
    <name>UpStair</name>
    <pose>Unspecified</pose>
    <truncated>0</truncated>
    <difficult>0</difficult>
    <robndbox>
      <cx>191.4753</cx>
      <cy>276.3926</cy>
      <w>85.2218</w>
      <h>207.637</h>
      <angle>0.494249</angle>
    </robndbox>
  </object>
</annotation>
