<annotation verified="no">
  <folder>greyscaled</folder>
  <filename>2022_02_27_14_54_45</filename>
  <path>D:\Academic files\thesis\Codes\Stair detection\greyscaled\2022_02_27_14_54_45.png</path>
  <source>
    <database>Unknown</database>
  </source>
  <size>
    <width>350</width>
    <height>400</height>
    <depth>1</depth>
  </size>
  <segmented>0</segmented>
  <object>
    <type>robndbox</type>
    <name>UpStair</name>
    <pose>Unspecified</pose>
    <truncated>0</truncated>
    <difficult>0</difficult>
    <robndbox>
      <cx>68.6851</cx>
      <cy>168.9532</cy>
      <w>115.3835</w>
      <h>267.3696</h>
      <angle>3.057745</angle>
    </robndbox>
  </object>
</annotation>
