<annotation verified="no">
  <folder>greyscaled</folder>
  <filename>2022_03_01_17_30_52</filename>
  <path>D:\Academic files\thesis\Codes\Stair detection\greyscaled\2022_03_01_17_30_52.png</path>
  <source>
    <database>Unknown</database>
  </source>
  <size>
    <width>350</width>
    <height>400</height>
    <depth>1</depth>
  </size>
  <segmented>0</segmented>
  <object>
    <type>robndbox</type>
    <name>DownStair</name>
    <pose>Unspecified</pose>
    <truncated>0</truncated>
    <difficult>0</difficult>
    <robndbox>
      <cx>203.2999</cx>
      <cy>246.3461</cy>
      <w>245.5557</w>
      <h>206.9397</h>
      <angle>2.861867</angle>
    </robndbox>
  </object>
</annotation>
