<annotation verified="no">
  <folder>greyscaled</folder>
  <filename>2022_03_01_17_08_26</filename>
  <path>D:\Academic files\thesis\Codes\Stair detection\greyscaled\2022_03_01_17_08_26.png</path>
  <source>
    <database>Unknown</database>
  </source>
  <size>
    <width>350</width>
    <height>400</height>
    <depth>1</depth>
  </size>
  <segmented>0</segmented>
  <object>
    <type>robndbox</type>
    <name>DownStair</name>
    <pose>Unspecified</pose>
    <truncated>0</truncated>
    <difficult>0</difficult>
    <robndbox>
      <cx>203.5351</cx>
      <cy>237.1376</cy>
      <w>209.8246</w>
      <h>253.1271</h>
      <angle>0.394065</angle>
    </robndbox>
  </object>
</annotation>
