<annotation verified="no">
  <folder>greyscaled</folder>
  <filename>2022_02_27_14_56_49</filename>
  <path>D:\Academic files\thesis\Codes\Stair detection\greyscaled\2022_02_27_14_56_49.png</path>
  <source>
    <database>Unknown</database>
  </source>
  <size>
    <width>350</width>
    <height>400</height>
    <depth>1</depth>
  </size>
  <segmented>0</segmented>
  <object>
    <type>robndbox</type>
    <name>UpStair</name>
    <pose>Unspecified</pose>
    <truncated>0</truncated>
    <difficult>0</difficult>
    <robndbox>
      <cx>186.2831</cx>
      <cy>237.6562</cy>
      <w>263.9019</w>
      <h>259.1925</h>
      <angle>0.154371</angle>
    </robndbox>
  </object>
</annotation>
