<annotation verified="no">
  <folder>greyscaled</folder>
  <filename>2022_03_01_17_03_48</filename>
  <path>D:\Academic files\thesis\Codes\Stair detection\greyscaled\2022_03_01_17_03_48.png</path>
  <source>
    <database>Unknown</database>
  </source>
  <size>
    <width>350</width>
    <height>400</height>
    <depth>1</depth>
  </size>
  <segmented>0</segmented>
  <object>
    <type>robndbox</type>
    <name>UpStair</name>
    <pose>Unspecified</pose>
    <truncated>0</truncated>
    <difficult>0</difficult>
    <robndbox>
      <cx>113.2657</cx>
      <cy>194.7088</cy>
      <w>95.498</w>
      <h>231.1303</h>
      <angle>0.721888</angle>
    </robndbox>
  </object>
</annotation>
