<annotation verified="no">
  <folder>greyscaled</folder>
  <filename>2022_02_26_16_11_57</filename>
  <path>D:\Academic files\thesis\Codes\Stair detection\greyscaled\2022_02_26_16_11_57.png</path>
  <source>
    <database>Unknown</database>
  </source>
  <size>
    <width>350</width>
    <height>400</height>
    <depth>1</depth>
  </size>
  <segmented>0</segmented>
  <object>
    <type>robndbox</type>
    <name>UpStair</name>
    <pose>Unspecified</pose>
    <truncated>0</truncated>
    <difficult>0</difficult>
    <robndbox>
      <cx>107.348</cx>
      <cy>278.0947</cy>
      <w>185.6163</w>
      <h>88.7793</h>
      <angle>2.811233</angle>
    </robndbox>
  </object>
</annotation>
