<annotation verified="no">
  <folder>greyscaled</folder>
  <filename>2022_02_26_16_20_51</filename>
  <path>D:\Academic files\thesis\Codes\Stair detection\greyscaled\2022_02_26_16_20_51.png</path>
  <source>
    <database>Unknown</database>
  </source>
  <size>
    <width>350</width>
    <height>400</height>
    <depth>1</depth>
  </size>
  <segmented>0</segmented>
  <object>
    <type>robndbox</type>
    <name>DownStair</name>
    <pose>Unspecified</pose>
    <truncated>0</truncated>
    <difficult>0</difficult>
    <robndbox>
      <cx>182.458</cx>
      <cy>261.097</cy>
      <w>213.4438</w>
      <h>185.2707</h>
      <angle>2.767598</angle>
    </robndbox>
  </object>
</annotation>
