<annotation verified="no">
  <folder>greyscaled</folder>
  <filename>2022_02_26_16_09_31</filename>
  <path>D:\Academic files\thesis\Codes\Stair detection\greyscaled\2022_02_26_16_09_31.png</path>
  <source>
    <database>Unknown</database>
  </source>
  <size>
    <width>350</width>
    <height>400</height>
    <depth>1</depth>
  </size>
  <segmented>0</segmented>
  <object>
    <type>robndbox</type>
    <name>UpStair</name>
    <pose>Unspecified</pose>
    <truncated>0</truncated>
    <difficult>0</difficult>
    <robndbox>
      <cx>174.4435</cx>
      <cy>213.6566</cy>
      <w>251.9508</w>
      <h>253.3647</h>
      <angle>2.571002</angle>
    </robndbox>
  </object>
</annotation>
