<annotation verified="no">
  <folder>greyscaled</folder>
  <filename>2022_03_05_14_42_31</filename>
  <path>D:\Academic files\thesis\Codes\Stair detection\greyscaled\2022_03_05_14_42_31.png</path>
  <source>
    <database>Unknown</database>
  </source>
  <size>
    <width>350</width>
    <height>400</height>
    <depth>1</depth>
  </size>
  <segmented>0</segmented>
  <object>
    <type>robndbox</type>
    <name>UpStair</name>
    <pose>Unspecified</pose>
    <truncated>0</truncated>
    <difficult>0</difficult>
    <robndbox>
      <cx>77.688</cx>
      <cy>222.1018</cy>
      <w>127.692</w>
      <h>288.0609</h>
      <angle>3.043185</angle>
    </robndbox>
  </object>
</annotation>
