<annotation verified="no">
  <folder>greyscaled</folder>
  <filename>2022_02_22_13_45_00</filename>
  <path>D:\Academic files\thesis\Codes\Stair detection\greyscaled\2022_02_22_13_45_00.bmp</path>
  <source>
    <database>Unknown</database>
  </source>
  <size>
    <width>350</width>
    <height>400</height>
    <depth>1</depth>
  </size>
  <segmented>0</segmented>
  <object>
    <type>robndbox</type>
    <name>UpStair</name>
    <pose>Unspecified</pose>
    <truncated>0</truncated>
    <difficult>0</difficult>
    <robndbox>
      <cx>90.7456</cx>
      <cy>311.8937</cy>
      <w>144.2442</w>
      <h>102.1084</h>
      <angle>0.785902</angle>
    </robndbox>
  </object>
</annotation>
