<annotation verified="no">
  <folder>greyscaled</folder>
  <filename>2022_02_22_13_42_46</filename>
  <path>D:\Academic files\thesis\Codes\Stair detection\greyscaled\2022_02_22_13_42_46.bmp</path>
  <source>
    <database>Unknown</database>
  </source>
  <size>
    <width>350</width>
    <height>400</height>
    <depth>1</depth>
  </size>
  <segmented>0</segmented>
  <object>
    <type>robndbox</type>
    <name>DownStair</name>
    <pose>Unspecified</pose>
    <truncated>0</truncated>
    <difficult>0</difficult>
    <robndbox>
      <cx>131.2384</cx>
      <cy>301.0</cy>
      <w>223.0</w>
      <h>174.0</h>
      <angle>0.0</angle>
    </robndbox>
  </object>
</annotation>
