<annotation verified="no">
  <folder>greyscaled</folder>
  <filename>2022_03_05_14_49_06</filename>
  <path>D:\Academic files\thesis\Codes\Stair detection\greyscaled\2022_03_05_14_49_06.png</path>
  <source>
    <database>Unknown</database>
  </source>
  <size>
    <width>350</width>
    <height>400</height>
    <depth>1</depth>
  </size>
  <segmented>0</segmented>
  <object>
    <type>robndbox</type>
    <name>UpStair</name>
    <pose>Unspecified</pose>
    <truncated>0</truncated>
    <difficult>0</difficult>
    <robndbox>
      <cx>129.9922</cx>
      <cy>248.8316</cy>
      <w>135.5941</w>
      <h>250.2264</h>
      <angle>0.07483</angle>
    </robndbox>
  </object>
</annotation>
