<annotation verified="no">
  <folder>greyscaled</folder>
  <filename>2022_02_27_14_49_05</filename>
  <path>D:\Academic files\thesis\Codes\Stair detection\greyscaled\2022_02_27_14_49_05.png</path>
  <source>
    <database>Unknown</database>
  </source>
  <size>
    <width>350</width>
    <height>400</height>
    <depth>1</depth>
  </size>
  <segmented>0</segmented>
  <object>
    <type>robndbox</type>
    <name>UpStair</name>
    <pose>Unspecified</pose>
    <truncated>0</truncated>
    <difficult>0</difficult>
    <robndbox>
      <cx>192.3012</cx>
      <cy>275.7398</cy>
      <w>156.8401</w>
      <h>200.3173</h>
      <angle>0.357301</angle>
    </robndbox>
  </object>
</annotation>
