<annotation verified="no">
  <folder>greyscaled</folder>
  <filename>2022_02_27_15_08_04</filename>
  <path>D:\Academic files\thesis\Codes\Stair detection\greyscaled\2022_02_27_15_08_04.png</path>
  <source>
    <database>Unknown</database>
  </source>
  <size>
    <width>350</width>
    <height>400</height>
    <depth>1</depth>
  </size>
  <segmented>0</segmented>
  <object>
    <type>robndbox</type>
    <name>DownStair</name>
    <pose>Unspecified</pose>
    <truncated>0</truncated>
    <difficult>0</difficult>
    <robndbox>
      <cx>172.3069</cx>
      <cy>258.1821</cy>
      <w>150.1208</w>
      <h>157.8799</h>
      <angle>2.560727</angle>
    </robndbox>
  </object>
</annotation>
