<annotation verified="no">
  <folder>greyscaled</folder>
  <filename>2022_03_01_17_05_18</filename>
  <path>D:\Academic files\thesis\Codes\Stair detection\greyscaled\2022_03_01_17_05_18.png</path>
  <source>
    <database>Unknown</database>
  </source>
  <size>
    <width>350</width>
    <height>400</height>
    <depth>1</depth>
  </size>
  <segmented>0</segmented>
  <object>
    <type>robndbox</type>
    <name>UpStair</name>
    <pose>Unspecified</pose>
    <truncated>0</truncated>
    <difficult>0</difficult>
    <robndbox>
      <cx>190.4163</cx>
      <cy>241.9748</cy>
      <w>107.9436</w>
      <h>220.0166</h>
      <angle>0.697752</angle>
    </robndbox>
  </object>
</annotation>
