<annotation verified="no">
  <folder>greyscaled</folder>
  <filename>2022_03_05_14_29_32</filename>
  <path>D:\Academic files\thesis\Codes\Stair detection\greyscaled\2022_03_05_14_29_32.png</path>
  <source>
    <database>Unknown</database>
  </source>
  <size>
    <width>350</width>
    <height>400</height>
    <depth>1</depth>
  </size>
  <segmented>0</segmented>
  <object>
    <type>robndbox</type>
    <name>UpStair</name>
    <pose>Unspecified</pose>
    <truncated>0</truncated>
    <difficult>0</difficult>
    <robndbox>
      <cx>54.8692</cx>
      <cy>273.2793</cy>
      <w>95.0761</w>
      <h>93.4856</h>
      <angle>0.146933</angle>
    </robndbox>
  </object>
</annotation>
