<annotation verified="no">
  <folder>greyscaled</folder>
  <filename>2022_03_01_17_25_29</filename>
  <path>D:\Academic files\thesis\Codes\Stair detection\greyscaled\2022_03_01_17_25_29.png</path>
  <source>
    <database>Unknown</database>
  </source>
  <size>
    <width>350</width>
    <height>400</height>
    <depth>1</depth>
  </size>
  <segmented>0</segmented>
  <object>
    <type>robndbox</type>
    <name>DownStair</name>
    <pose>Unspecified</pose>
    <truncated>0</truncated>
    <difficult>0</difficult>
    <robndbox>
      <cx>235.2147</cx>
      <cy>299.2222</cy>
      <w>142.9689</w>
      <h>131.0842</h>
      <angle>2.705602</angle>
    </robndbox>
  </object>
</annotation>
