<annotation verified="no">
  <folder>greyscaled</folder>
  <filename>2022_02_24_15_38_10</filename>
  <path>D:\Academic files\thesis\Codes\Stair detection\greyscaled\2022_02_24_15_38_10.bmp</path>
  <source>
    <database>Unknown</database>
  </source>
  <size>
    <width>350</width>
    <height>400</height>
    <depth>1</depth>
  </size>
  <segmented>0</segmented>
  <object>
    <type>robndbox</type>
    <name>UpStair</name>
    <pose>Unspecified</pose>
    <truncated>0</truncated>
    <difficult>0</difficult>
    <robndbox>
      <cx>158.3576</cx>
      <cy>158.5399</cy>
      <w>174.9129</w>
      <h>238.8832</h>
      <angle>0.27035</angle>
    </robndbox>
  </object>
</annotation>
