<annotation verified="no">
  <folder>greyscaled</folder>
  <filename>2022_03_05_14_39_58</filename>
  <path>D:\Academic files\thesis\Codes\Stair detection\greyscaled\2022_03_05_14_39_58.png</path>
  <source>
    <database>Unknown</database>
  </source>
  <size>
    <width>350</width>
    <height>400</height>
    <depth>1</depth>
  </size>
  <segmented>0</segmented>
  <object>
    <type>robndbox</type>
    <name>UpStair</name>
    <pose>Unspecified</pose>
    <truncated>0</truncated>
    <difficult>0</difficult>
    <robndbox>
      <cx>190.8434</cx>
      <cy>230.6174</cy>
      <w>107.62</w>
      <h>246.2706</h>
      <angle>2.526505</angle>
    </robndbox>
  </object>
</annotation>
