<annotation verified="no">
  <folder>greyscaled</folder>
  <filename>2022_02_26_15_57_39</filename>
  <path>D:\Academic files\thesis\Codes\Stair detection\greyscaled\2022_02_26_15_57_39.png</path>
  <source>
    <database>Unknown</database>
  </source>
  <size>
    <width>350</width>
    <height>400</height>
    <depth>1</depth>
  </size>
  <segmented>0</segmented>
  <object>
    <type>robndbox</type>
    <name>UpStair</name>
    <pose>Unspecified</pose>
    <truncated>0</truncated>
    <difficult>0</difficult>
    <robndbox>
      <cx>139.7355</cx>
      <cy>277.5751</cy>
      <w>233.4902</w>
      <h>138.5341</h>
      <angle>0.270328</angle>
    </robndbox>
  </object>
</annotation>
