<annotation verified="no">
  <folder>greyscaled</folder>
  <filename>2022_03_05_14_29_56</filename>
  <path>D:\Academic files\thesis\Codes\Stair detection\greyscaled\2022_03_05_14_29_56.png</path>
  <source>
    <database>Unknown</database>
  </source>
  <size>
    <width>350</width>
    <height>400</height>
    <depth>1</depth>
  </size>
  <segmented>0</segmented>
  <object>
    <type>robndbox</type>
    <name>DownStair</name>
    <pose>Unspecified</pose>
    <truncated>0</truncated>
    <difficult>0</difficult>
    <robndbox>
      <cx>199.767</cx>
      <cy>172.0</cy>
      <w>228.8349</w>
      <h>292.5519</h>
      <angle>2.864447</angle>
    </robndbox>
  </object>
</annotation>
