<annotation verified="no">
  <folder>greyscaled</folder>
  <filename>2022_03_01_17_29_23</filename>
  <path>D:\Academic files\thesis\Codes\Stair detection\greyscaled\2022_03_01_17_29_23.png</path>
  <source>
    <database>Unknown</database>
  </source>
  <size>
    <width>350</width>
    <height>400</height>
    <depth>1</depth>
  </size>
  <segmented>0</segmented>
  <object>
    <type>robndbox</type>
    <name>UpStair</name>
    <pose>Unspecified</pose>
    <truncated>0</truncated>
    <difficult>0</difficult>
    <robndbox>
      <cx>51.3535</cx>
      <cy>316.6002</cy>
      <w>66.517</w>
      <h>118.0794</h>
      <angle>2.838055</angle>
    </robndbox>
  </object>
</annotation>
