<annotation verified="no">
  <folder>greyscaled</folder>
  <filename>2022_03_05_14_29_04</filename>
  <path>D:\Academic files\thesis\Codes\Stair detection\greyscaled\2022_03_05_14_29_04.png</path>
  <source>
    <database>Unknown</database>
  </source>
  <size>
    <width>350</width>
    <height>400</height>
    <depth>1</depth>
  </size>
  <segmented>0</segmented>
  <object>
    <type>robndbox</type>
    <name>DownStair</name>
    <pose>Unspecified</pose>
    <truncated>0</truncated>
    <difficult>0</difficult>
    <robndbox>
      <cx>94.7198</cx>
      <cy>307.8516</cy>
      <w>128.4147</w>
      <h>137.3747</h>
      <angle>2.821667</angle>
    </robndbox>
  </object>
</annotation>
