<annotation verified="no">
  <folder>greyscaled</folder>
  <filename>2022_02_24_15_42_50</filename>
  <path>D:\Academic files\thesis\Codes\Stair detection\greyscaled\2022_02_24_15_42_50.bmp</path>
  <source>
    <database>Unknown</database>
  </source>
  <size>
    <width>350</width>
    <height>400</height>
    <depth>1</depth>
  </size>
  <segmented>0</segmented>
  <object>
    <type>robndbox</type>
    <name>UpStair</name>
    <pose>Unspecified</pose>
    <truncated>0</truncated>
    <difficult>0</difficult>
    <robndbox>
      <cx>123.3825</cx>
      <cy>140.8737</cy>
      <w>198.9293</w>
      <h>98.0764</h>
      <angle>3.068967</angle>
    </robndbox>
  </object>
</annotation>
