<annotation verified="no">
  <folder>greyscaled</folder>
  <filename>2022_02_24_15_52_45</filename>
  <path>D:\Academic files\thesis\Codes\Stair detection\greyscaled\2022_02_24_15_52_45.bmp</path>
  <source>
    <database>Unknown</database>
  </source>
  <size>
    <width>350</width>
    <height>400</height>
    <depth>1</depth>
  </size>
  <segmented>0</segmented>
  <object>
    <type>robndbox</type>
    <name>UpStair</name>
    <pose>Unspecified</pose>
    <truncated>0</truncated>
    <difficult>0</difficult>
    <robndbox>
      <cx>111.0901</cx>
      <cy>248.0987</cy>
      <w>93.4651</w>
      <h>136.3723</h>
      <angle>2.657739</angle>
    </robndbox>
  </object>
</annotation>
