<annotation verified="no">
  <folder>greyscaled</folder>
  <filename>2022_03_05_14_33_47</filename>
  <path>D:\Academic files\thesis\Codes\Stair detection\greyscaled\2022_03_05_14_33_47.png</path>
  <source>
    <database>Unknown</database>
  </source>
  <size>
    <width>350</width>
    <height>400</height>
    <depth>1</depth>
  </size>
  <segmented>0</segmented>
  <object>
    <type>robndbox</type>
    <name>UpStair</name>
    <pose>Unspecified</pose>
    <truncated>0</truncated>
    <difficult>0</difficult>
    <robndbox>
      <cx>96.5096</cx>
      <cy>150.556</cy>
      <w>120.9304</w>
      <h>275.4386</h>
      <angle>0.251916</angle>
    </robndbox>
  </object>
</annotation>
