<annotation verified="no">
  <folder>greyscaled</folder>
  <filename>2022_02_24_15_42_12</filename>
  <path>D:\Academic files\thesis\Codes\Stair detection\greyscaled\2022_02_24_15_42_12.bmp</path>
  <source>
    <database>Unknown</database>
  </source>
  <size>
    <width>350</width>
    <height>400</height>
    <depth>1</depth>
  </size>
  <segmented>0</segmented>
  <object>
    <type>robndbox</type>
    <name>UpStair</name>
    <pose>Unspecified</pose>
    <truncated>0</truncated>
    <difficult>0</difficult>
    <robndbox>
      <cx>154.5092</cx>
      <cy>157.7209</cy>
      <w>220.4541</w>
      <h>203.6554</h>
      <angle>0.329228</angle>
    </robndbox>
  </object>
</annotation>
