<annotation verified="no">
  <folder>greyscaled</folder>
  <filename>2022_03_01_17_32_00</filename>
  <path>D:\Academic files\thesis\Codes\Stair detection\greyscaled\2022_03_01_17_32_00.bmp</path>
  <source>
    <database>Unknown</database>
  </source>
  <size>
    <width>350</width>
    <height>400</height>
    <depth>1</depth>
  </size>
  <segmented>0</segmented>
  <object>
    <type>robndbox</type>
    <name>UpStair</name>
    <pose>Unspecified</pose>
    <truncated>0</truncated>
    <difficult>0</difficult>
    <robndbox>
      <cx>111.5996</cx>
      <cy>229.3664</cy>
      <w>149.2328</w>
      <h>165.9884</h>
      <angle>2.312814</angle>
    </robndbox>
  </object>
</annotation>
