<annotation verified="no">
  <folder>greyscaled</folder>
  <filename>2022_02_27_14_57_55</filename>
  <path>D:\Academic files\thesis\Codes\Stair detection\greyscaled\2022_02_27_14_57_55.png</path>
  <source>
    <database>Unknown</database>
  </source>
  <size>
    <width>350</width>
    <height>400</height>
    <depth>1</depth>
  </size>
  <segmented>0</segmented>
  <object>
    <type>robndbox</type>
    <name>UpStair</name>
    <pose>Unspecified</pose>
    <truncated>0</truncated>
    <difficult>0</difficult>
    <robndbox>
      <cx>138.2384</cx>
      <cy>242.5</cy>
      <w>135.0436</w>
      <h>144.2402</h>
      <angle>0.29352</angle>
    </robndbox>
  </object>
</annotation>
