<annotation verified="no">
  <folder>greyscaled</folder>
  <filename>2022_03_05_14_38_48</filename>
  <path>D:\Academic files\thesis\Codes\Stair detection\greyscaled\2022_03_05_14_38_48.png</path>
  <source>
    <database>Unknown</database>
  </source>
  <size>
    <width>350</width>
    <height>400</height>
    <depth>1</depth>
  </size>
  <segmented>0</segmented>
  <object>
    <type>robndbox</type>
    <name>UpStair</name>
    <pose>Unspecified</pose>
    <truncated>0</truncated>
    <difficult>0</difficult>
    <robndbox>
      <cx>142.2704</cx>
      <cy>307.2116</cy>
      <w>93.9017</w>
      <h>46.3156</h>
      <angle>2.912585</angle>
    </robndbox>
  </object>
</annotation>
