<annotation verified="no">
  <folder>greyscaled</folder>
  <filename>2022_03_01_17_12_05</filename>
  <path>D:\Academic files\thesis\Codes\Stair detection\greyscaled\2022_03_01_17_12_05.png</path>
  <source>
    <database>Unknown</database>
  </source>
  <size>
    <width>350</width>
    <height>400</height>
    <depth>1</depth>
  </size>
  <segmented>0</segmented>
  <object>
    <type>robndbox</type>
    <name>DownStair</name>
    <pose>Unspecified</pose>
    <truncated>0</truncated>
    <difficult>0</difficult>
    <robndbox>
      <cx>110.3239</cx>
      <cy>237.4677</cy>
      <w>140.0418</w>
      <h>209.4294</h>
      <angle>0.387729</angle>
    </robndbox>
  </object>
</annotation>
