<annotation verified="no">
  <folder>greyscaled</folder>
  <filename>2022_02_22_13_47_05</filename>
  <path>D:\Academic files\thesis\Codes\Stair detection\greyscaled\2022_02_22_13_47_05.bmp</path>
  <source>
    <database>Unknown</database>
  </source>
  <size>
    <width>350</width>
    <height>400</height>
    <depth>1</depth>
  </size>
  <segmented>0</segmented>
  <object>
    <type>robndbox</type>
    <name>DownStair</name>
    <pose>Unspecified</pose>
    <truncated>0</truncated>
    <difficult>0</difficult>
    <robndbox>
      <cx>71.8692</cx>
      <cy>324.1753</cy>
      <w>130.1471</w>
      <h>77.8475</h>
      <angle>0.214569</angle>
    </robndbox>
  </object>
</annotation>
