<annotation verified="no">
  <folder>greyscaled</folder>
  <filename>2022_02_24_15_54_08</filename>
  <path>D:\Academic files\thesis\Codes\Stair detection\greyscaled\2022_02_24_15_54_08.bmp</path>
  <source>
    <database>Unknown</database>
  </source>
  <size>
    <width>350</width>
    <height>400</height>
    <depth>1</depth>
  </size>
  <segmented>0</segmented>
  <object>
    <type>robndbox</type>
    <name>UpStair</name>
    <pose>Unspecified</pose>
    <truncated>0</truncated>
    <difficult>0</difficult>
    <robndbox>
      <cx>144.0086</cx>
      <cy>200.8416</cy>
      <w>324.5526</w>
      <h>110.7713</h>
      <angle>0.91086</angle>
    </robndbox>
  </object>
</annotation>
