<annotation verified="no">
  <folder>greyscaled</folder>
  <filename>2022_03_05_14_44_26</filename>
  <path>D:\Academic files\thesis\Codes\Stair detection\greyscaled\2022_03_05_14_44_26.png</path>
  <source>
    <database>Unknown</database>
  </source>
  <size>
    <width>350</width>
    <height>400</height>
    <depth>1</depth>
  </size>
  <segmented>0</segmented>
  <object>
    <type>robndbox</type>
    <name>UpStair</name>
    <pose>Unspecified</pose>
    <truncated>0</truncated>
    <difficult>0</difficult>
    <robndbox>
      <cx>145.7283</cx>
      <cy>158.0</cy>
      <w>129.902</w>
      <h>293.4018</h>
      <angle>0.722459</angle>
    </robndbox>
  </object>
</annotation>
