<annotation verified="no">
  <folder>greyscaled</folder>
  <filename>2022_03_01_17_02_46</filename>
  <path>D:\Academic files\thesis\Codes\Stair detection\greyscaled\2022_03_01_17_02_46.png</path>
  <source>
    <database>Unknown</database>
  </source>
  <size>
    <width>350</width>
    <height>400</height>
    <depth>1</depth>
  </size>
  <segmented>0</segmented>
  <object>
    <type>robndbox</type>
    <name>UpStair</name>
    <pose>Unspecified</pose>
    <truncated>0</truncated>
    <difficult>0</difficult>
    <robndbox>
      <cx>157.3446</cx>
      <cy>239.5561</cy>
      <w>170.9197</w>
      <h>84.056</h>
      <angle>0.838404</angle>
    </robndbox>
  </object>
</annotation>
