<annotation verified="no">
  <folder>greyscaled</folder>
  <filename>2022_02_26_16_28_51</filename>
  <path>D:\Academic files\thesis\Codes\Stair detection\greyscaled\2022_02_26_16_28_51.png</path>
  <source>
    <database>Unknown</database>
  </source>
  <size>
    <width>350</width>
    <height>400</height>
    <depth>1</depth>
  </size>
  <segmented>0</segmented>
  <object>
    <type>robndbox</type>
    <name>UpStair</name>
    <pose>Unspecified</pose>
    <truncated>0</truncated>
    <difficult>0</difficult>
    <robndbox>
      <cx>194.7479</cx>
      <cy>321.26</cy>
      <w>120.6723</w>
      <h>106.2173</h>
      <angle>0.439697</angle>
    </robndbox>
  </object>
</annotation>
