<annotation verified="no">
  <folder>greyscaled</folder>
  <filename>2022_03_01_17_36_25</filename>
  <path>D:\Academic files\thesis\Codes\Stair detection\greyscaled\2022_03_01_17_36_25.png</path>
  <source>
    <database>Unknown</database>
  </source>
  <size>
    <width>350</width>
    <height>400</height>
    <depth>1</depth>
  </size>
  <segmented>0</segmented>
  <object>
    <type>robndbox</type>
    <name>UpStair</name>
    <pose>Unspecified</pose>
    <truncated>0</truncated>
    <difficult>0</difficult>
    <robndbox>
      <cx>185.5547</cx>
      <cy>214.2679</cy>
      <w>278.9557</w>
      <h>180.6678</h>
      <angle>0.73941</angle>
    </robndbox>
  </object>
</annotation>
