<annotation verified="no">
  <folder>greyscaled</folder>
  <filename>2022_02_27_15_01_27</filename>
  <path>D:\Academic files\thesis\Codes\Stair detection\greyscaled\2022_02_27_15_01_27.png</path>
  <source>
    <database>Unknown</database>
  </source>
  <size>
    <width>350</width>
    <height>400</height>
    <depth>1</depth>
  </size>
  <segmented>0</segmented>
  <object>
    <type>robndbox</type>
    <name>UpStair</name>
    <pose>Unspecified</pose>
    <truncated>0</truncated>
    <difficult>0</difficult>
    <robndbox>
      <cx>220.0367</cx>
      <cy>234.5616</cy>
      <w>131.1148</w>
      <h>138.9286</h>
      <angle>2.513208</angle>
    </robndbox>
  </object>
</annotation>
