<annotation verified="no">
  <folder>greyscaled</folder>
  <filename>2022_02_27_15_04_31</filename>
  <path>D:\Academic files\thesis\Codes\Stair detection\greyscaled\2022_02_27_15_04_31.bmp</path>
  <source>
    <database>Unknown</database>
  </source>
  <size>
    <width>350</width>
    <height>400</height>
    <depth>1</depth>
  </size>
  <segmented>0</segmented>
  <object>
    <type>robndbox</type>
    <name>UpStair</name>
    <pose>Unspecified</pose>
    <truncated>0</truncated>
    <difficult>0</difficult>
    <robndbox>
      <cx>217.6493</cx>
      <cy>195.7709</cy>
      <w>139.5855</w>
      <h>243.232</h>
      <angle>2.866626</angle>
    </robndbox>
  </object>
</annotation>
