<annotation verified="no">
  <folder>greyscaled</folder>
  <filename>2022_03_01_17_09_14</filename>
  <path>D:\Academic files\thesis\Codes\Stair detection\greyscaled\2022_03_01_17_09_14.png</path>
  <source>
    <database>Unknown</database>
  </source>
  <size>
    <width>350</width>
    <height>400</height>
    <depth>1</depth>
  </size>
  <segmented>0</segmented>
  <object>
    <type>robndbox</type>
    <name>UpStair</name>
    <pose>Unspecified</pose>
    <truncated>0</truncated>
    <difficult>0</difficult>
    <robndbox>
      <cx>255.6178</cx>
      <cy>307.7726</cy>
      <w>158.1195</w>
      <h>125.4284</h>
      <angle>2.859767</angle>
    </robndbox>
  </object>
</annotation>
