<annotation verified="no">
  <folder>greyscaled</folder>
  <filename>2022_02_22_13_47_18</filename>
  <path>D:\Academic files\thesis\Codes\Stair detection\greyscaled\2022_02_22_13_47_18.bmp</path>
  <source>
    <database>Unknown</database>
  </source>
  <size>
    <width>350</width>
    <height>400</height>
    <depth>1</depth>
  </size>
  <segmented>0</segmented>
  <object>
    <type>robndbox</type>
    <name>UpStair</name>
    <pose>Unspecified</pose>
    <truncated>0</truncated>
    <difficult>0</difficult>
    <robndbox>
      <cx>209.2139</cx>
      <cy>281.1018</cy>
      <w>175.3022</w>
      <h>95.6472</h>
      <angle>3.001349</angle>
    </robndbox>
  </object>
</annotation>
