<annotation verified="no">
  <folder>greyscaled</folder>
  <filename>2022_03_01_17_30_30</filename>
  <path>D:\Academic files\thesis\Codes\Stair detection\greyscaled\2022_03_01_17_30_30.png</path>
  <source>
    <database>Unknown</database>
  </source>
  <size>
    <width>350</width>
    <height>400</height>
    <depth>1</depth>
  </size>
  <segmented>0</segmented>
  <object>
    <type>robndbox</type>
    <name>UpStair</name>
    <pose>Unspecified</pose>
    <truncated>0</truncated>
    <difficult>0</difficult>
    <robndbox>
      <cx>140.3283</cx>
      <cy>177.4535</cy>
      <w>268.1874</w>
      <h>124.9919</h>
      <angle>2.210016</angle>
    </robndbox>
  </object>
</annotation>
