<annotation verified="no">
  <folder>greyscaled</folder>
  <filename>2022_02_27_14_58_01</filename>
  <path>D:\Academic files\thesis\Codes\Stair detection\greyscaled\2022_02_27_14_58_01.png</path>
  <source>
    <database>Unknown</database>
  </source>
  <size>
    <width>350</width>
    <height>400</height>
    <depth>1</depth>
  </size>
  <segmented>0</segmented>
  <object>
    <type>robndbox</type>
    <name>UpStair</name>
    <pose>Unspecified</pose>
    <truncated>0</truncated>
    <difficult>0</difficult>
    <robndbox>
      <cx>183.3789</cx>
      <cy>257.6911</cy>
      <w>129.7672</w>
      <h>121.0307</h>
      <angle>2.63818</angle>
    </robndbox>
  </object>
</annotation>
