<annotation verified="no">
  <folder>greyscaled</folder>
  <filename>2022_02_24_15_37_54</filename>
  <path>D:\Academic files\thesis\Codes\Stair detection\greyscaled\2022_02_24_15_37_54.bmp</path>
  <source>
    <database>Unknown</database>
  </source>
  <size>
    <width>350</width>
    <height>400</height>
    <depth>1</depth>
  </size>
  <segmented>0</segmented>
  <object>
    <type>robndbox</type>
    <name>UpStair</name>
    <pose>Unspecified</pose>
    <truncated>0</truncated>
    <difficult>0</difficult>
    <robndbox>
      <cx>123.2681</cx>
      <cy>222.0354</cy>
      <w>140.5854</w>
      <h>203.055</h>
      <angle>0.905751</angle>
    </robndbox>
  </object>
</annotation>
