<annotation verified="no">
  <folder>greyscaled</folder>
  <filename>2022_03_05_14_42_59</filename>
  <path>D:\Academic files\thesis\Codes\Stair detection\greyscaled\2022_03_05_14_42_59.png</path>
  <source>
    <database>Unknown</database>
  </source>
  <size>
    <width>350</width>
    <height>400</height>
    <depth>1</depth>
  </size>
  <segmented>0</segmented>
  <object>
    <type>robndbox</type>
    <name>UpStair</name>
    <pose>Unspecified</pose>
    <truncated>0</truncated>
    <difficult>0</difficult>
    <robndbox>
      <cx>167.2046</cx>
      <cy>142.0205</cy>
      <w>318.7384</w>
      <h>207.9591</h>
      <angle>0.080392</angle>
    </robndbox>
  </object>
</annotation>
