<annotation verified="no">
  <folder>greyscaled</folder>
  <filename>2022_03_01_17_19_00</filename>
  <path>D:\Academic files\thesis\Codes\Stair detection\greyscaled\2022_03_01_17_19_00.png</path>
  <source>
    <database>Unknown</database>
  </source>
  <size>
    <width>350</width>
    <height>400</height>
    <depth>1</depth>
  </size>
  <segmented>0</segmented>
  <object>
    <type>robndbox</type>
    <name>UpStair</name>
    <pose>Unspecified</pose>
    <truncated>0</truncated>
    <difficult>0</difficult>
    <robndbox>
      <cx>218.2176</cx>
      <cy>187.5945</cy>
      <w>122.7022</w>
      <h>217.674</h>
      <angle>2.632471</angle>
    </robndbox>
  </object>
</annotation>
