<annotation verified="no">
  <folder>greyscaled</folder>
  <filename>2022_02_26_16_16_16</filename>
  <path>D:\Academic files\thesis\Codes\Stair detection\greyscaled\2022_02_26_16_16_16.png</path>
  <source>
    <database>Unknown</database>
  </source>
  <size>
    <width>350</width>
    <height>400</height>
    <depth>1</depth>
  </size>
  <segmented>0</segmented>
  <object>
    <type>robndbox</type>
    <name>UpStair</name>
    <pose>Unspecified</pose>
    <truncated>0</truncated>
    <difficult>0</difficult>
    <robndbox>
      <cx>189.5301</cx>
      <cy>315.1725</cy>
      <w>124.6665</w>
      <h>128.9182</h>
      <angle>2.915263</angle>
    </robndbox>
  </object>
</annotation>
