<annotation verified="no">
  <folder>greyscaled</folder>
  <filename>2022_03_05_14_42_14</filename>
  <path>D:\Academic files\thesis\Codes\Stair detection\greyscaled\2022_03_05_14_42_14.png</path>
  <source>
    <database>Unknown</database>
  </source>
  <size>
    <width>350</width>
    <height>400</height>
    <depth>1</depth>
  </size>
  <segmented>0</segmented>
  <object>
    <type>robndbox</type>
    <name>UpStair</name>
    <pose>Unspecified</pose>
    <truncated>0</truncated>
    <difficult>0</difficult>
    <robndbox>
      <cx>132.6489</cx>
      <cy>214.5011</cy>
      <w>140.9343</w>
      <h>173.9025</h>
      <angle>0.538555</angle>
    </robndbox>
  </object>
</annotation>
