<annotation verified="no">
  <folder>greyscaled</folder>
  <filename>2022_03_01_17_03_08</filename>
  <path>D:\Academic files\thesis\Codes\Stair detection\greyscaled\2022_03_01_17_03_08.png</path>
  <source>
    <database>Unknown</database>
  </source>
  <size>
    <width>350</width>
    <height>400</height>
    <depth>1</depth>
  </size>
  <segmented>0</segmented>
  <object>
    <type>robndbox</type>
    <name>UpStair</name>
    <pose>Unspecified</pose>
    <truncated>0</truncated>
    <difficult>0</difficult>
    <robndbox>
      <cx>178.6014</cx>
      <cy>268.2061</cy>
      <w>212.1113</w>
      <h>199.7277</h>
      <angle>0.359547</angle>
    </robndbox>
  </object>
</annotation>
