<annotation verified="no">
  <folder>greyscaled</folder>
  <filename>2022_02_22_13_45_49</filename>
  <path>D:\Academic files\thesis\Codes\Stair detection\greyscaled\2022_02_22_13_45_49.bmp</path>
  <source>
    <database>Unknown</database>
  </source>
  <size>
    <width>350</width>
    <height>400</height>
    <depth>1</depth>
  </size>
  <segmented>0</segmented>
  <object>
    <type>robndbox</type>
    <name>DownStair</name>
    <pose>Unspecified</pose>
    <truncated>0</truncated>
    <difficult>0</difficult>
    <robndbox>
      <cx>119.8692</cx>
      <cy>261.8878</cy>
      <w>203.0771</w>
      <h>120.116</h>
      <angle>2.525159</angle>
    </robndbox>
  </object>
</annotation>
