<annotation verified="no">
  <folder>greyscaled</folder>
  <filename>2022_02_27_14_50_38</filename>
  <path>D:\Academic files\thesis\Codes\Stair detection\greyscaled\2022_02_27_14_50_38.png</path>
  <source>
    <database>Unknown</database>
  </source>
  <size>
    <width>350</width>
    <height>400</height>
    <depth>1</depth>
  </size>
  <segmented>0</segmented>
  <object>
    <type>robndbox</type>
    <name>UpStair</name>
    <pose>Unspecified</pose>
    <truncated>0</truncated>
    <difficult>0</difficult>
    <robndbox>
      <cx>214.053</cx>
      <cy>237.93</cy>
      <w>127.4548</w>
      <h>156.3798</h>
      <angle>0.099698</angle>
    </robndbox>
  </object>
</annotation>
