<annotation verified="no">
  <folder>greyscaled</folder>
  <filename>2022_03_01_17_14_57</filename>
  <path>D:\Academic files\thesis\Codes\Stair detection\greyscaled\2022_03_01_17_14_57.png</path>
  <source>
    <database>Unknown</database>
  </source>
  <size>
    <width>350</width>
    <height>400</height>
    <depth>1</depth>
  </size>
  <segmented>0</segmented>
  <object>
    <type>robndbox</type>
    <name>DownStair</name>
    <pose>Unspecified</pose>
    <truncated>0</truncated>
    <difficult>0</difficult>
    <robndbox>
      <cx>93.1938</cx>
      <cy>316.5</cy>
      <w>90.8049</w>
      <h>150.7029</h>
      <angle>0.896876</angle>
    </robndbox>
  </object>
</annotation>
