<annotation verified="no">
  <folder>greyscaled</folder>
  <filename>2022_03_01_17_03_31</filename>
  <path>D:\Academic files\thesis\Codes\Stair detection\greyscaled\2022_03_01_17_03_31.png</path>
  <source>
    <database>Unknown</database>
  </source>
  <size>
    <width>350</width>
    <height>400</height>
    <depth>1</depth>
  </size>
  <segmented>0</segmented>
  <object>
    <type>robndbox</type>
    <name>DownStair</name>
    <pose>Unspecified</pose>
    <truncated>0</truncated>
    <difficult>0</difficult>
    <robndbox>
      <cx>105.81</cx>
      <cy>296.3637</cy>
      <w>139.9241</w>
      <h>155.272</h>
      <angle>3.033513</angle>
    </robndbox>
  </object>
</annotation>
