<annotation verified="no">
  <folder>greyscaled</folder>
  <filename>2022_03_01_17_25_24</filename>
  <path>D:\Academic files\thesis\Codes\Stair detection\greyscaled\2022_03_01_17_25_24.png</path>
  <source>
    <database>Unknown</database>
  </source>
  <size>
    <width>350</width>
    <height>400</height>
    <depth>1</depth>
  </size>
  <segmented>0</segmented>
  <object>
    <type>robndbox</type>
    <name>DownStair</name>
    <pose>Unspecified</pose>
    <truncated>0</truncated>
    <difficult>0</difficult>
    <robndbox>
      <cx>242.5194</cx>
      <cy>318.8428</cy>
      <w>127.0735</w>
      <h>96.5259</h>
      <angle>0.605369</angle>
    </robndbox>
  </object>
</annotation>
