<annotation verified="no">
  <folder>greyscaled</folder>
  <filename>2022_02_27_15_04_19</filename>
  <path>D:\Academic files\thesis\Codes\Stair detection\greyscaled\2022_02_27_15_04_19.bmp</path>
  <source>
    <database>Unknown</database>
  </source>
  <size>
    <width>350</width>
    <height>400</height>
    <depth>1</depth>
  </size>
  <segmented>0</segmented>
  <object>
    <type>robndbox</type>
    <name>UpStair</name>
    <pose>Unspecified</pose>
    <truncated>0</truncated>
    <difficult>0</difficult>
    <robndbox>
      <cx>206.8106</cx>
      <cy>264.7391</cy>
      <w>118.5103</w>
      <h>229.9524</h>
      <angle>0.374303</angle>
    </robndbox>
  </object>
</annotation>
