<annotation verified="no">
  <folder>greyscaled</folder>
  <filename>2022_02_22_13_49_56</filename>
  <path>D:\Academic files\thesis\Codes\Stair detection\greyscaled\2022_02_22_13_49_56.bmp</path>
  <source>
    <database>Unknown</database>
  </source>
  <size>
    <width>350</width>
    <height>400</height>
    <depth>1</depth>
  </size>
  <segmented>0</segmented>
  <object>
    <type>robndbox</type>
    <name>UpStair</name>
    <pose>Unspecified</pose>
    <truncated>0</truncated>
    <difficult>0</difficult>
    <robndbox>
      <cx>190.6683</cx>
      <cy>228.608</cy>
      <w>111.6742</w>
      <h>219.4714</h>
      <angle>0.386341</angle>
    </robndbox>
  </object>
</annotation>
