<annotation verified="no">
  <folder>greyscaled</folder>
  <filename>2022_03_05_14_32_00</filename>
  <path>D:\Academic files\thesis\Codes\Stair detection\greyscaled\2022_03_05_14_32_00.png</path>
  <source>
    <database>Unknown</database>
  </source>
  <size>
    <width>350</width>
    <height>400</height>
    <depth>1</depth>
  </size>
  <segmented>0</segmented>
  <object>
    <type>robndbox</type>
    <name>DownStair</name>
    <pose>Unspecified</pose>
    <truncated>0</truncated>
    <difficult>0</difficult>
    <robndbox>
      <cx>105.2771</cx>
      <cy>311.0</cy>
      <w>139.4217</w>
      <h>107.7831</h>
      <angle>0.963345</angle>
    </robndbox>
  </object>
</annotation>
