<annotation verified="no">
  <folder>greyscaled</folder>
  <filename>2022_02_22_13_40_36</filename>
  <path>D:\Academic files\thesis\Codes\Stair detection\greyscaled\2022_02_22_13_40_36.bmp</path>
  <source>
    <database>Unknown</database>
  </source>
  <size>
    <width>350</width>
    <height>400</height>
    <depth>1</depth>
  </size>
  <segmented>0</segmented>
  <object>
    <type>robndbox</type>
    <name>UpStair</name>
    <pose>Unspecified</pose>
    <truncated>0</truncated>
    <difficult>0</difficult>
    <robndbox>
      <cx>105.1186</cx>
      <cy>212.2857</cy>
      <w>83.4858</w>
      <h>183.1834</h>
      <angle>2.799709</angle>
    </robndbox>
  </object>
</annotation>
