<annotation verified="no">
  <folder>greyscaled</folder>
  <filename>2022_02_27_15_04_27</filename>
  <path>D:\Academic files\thesis\Codes\Stair detection\greyscaled\2022_02_27_15_04_27.png</path>
  <source>
    <database>Unknown</database>
  </source>
  <size>
    <width>350</width>
    <height>400</height>
    <depth>1</depth>
  </size>
  <segmented>0</segmented>
  <object>
    <type>robndbox</type>
    <name>UpStair</name>
    <pose>Unspecified</pose>
    <truncated>0</truncated>
    <difficult>0</difficult>
    <robndbox>
      <cx>189.3865</cx>
      <cy>174.5095</cy>
      <w>121.7629</w>
      <h>266.5486</h>
      <angle>2.641026</angle>
    </robndbox>
  </object>
</annotation>
