<annotation verified="no">
  <folder>greyscaled</folder>
  <filename>2022_02_27_15_03_11</filename>
  <path>D:\Academic files\thesis\Codes\Stair detection\greyscaled\2022_02_27_15_03_11.png</path>
  <source>
    <database>Unknown</database>
  </source>
  <size>
    <width>350</width>
    <height>400</height>
    <depth>1</depth>
  </size>
  <segmented>0</segmented>
  <object>
    <type>robndbox</type>
    <name>UpStair</name>
    <pose>Unspecified</pose>
    <truncated>0</truncated>
    <difficult>0</difficult>
    <robndbox>
      <cx>177.399</cx>
      <cy>198.3815</cy>
      <w>199.7861</w>
      <h>350.8782</h>
      <angle>2.811694</angle>
    </robndbox>
  </object>
</annotation>
