<annotation verified="no">
  <folder>greyscaled</folder>
  <filename>2022_03_01_17_30_15</filename>
  <path>D:\Academic files\thesis\Codes\Stair detection\greyscaled\2022_03_01_17_30_15.png</path>
  <source>
    <database>Unknown</database>
  </source>
  <size>
    <width>350</width>
    <height>400</height>
    <depth>1</depth>
  </size>
  <segmented>0</segmented>
  <object>
    <type>robndbox</type>
    <name>UpStair</name>
    <pose>Unspecified</pose>
    <truncated>0</truncated>
    <difficult>0</difficult>
    <robndbox>
      <cx>191.5</cx>
      <cy>171.0</cy>
      <w>222.9654</w>
      <h>231.5328</h>
      <angle>0.6038</angle>
    </robndbox>
  </object>
</annotation>
