<annotation verified="no">
  <folder>greyscaled</folder>
  <filename>2022_03_05_14_49_10</filename>
  <path>D:\Academic files\thesis\Codes\Stair detection\greyscaled\2022_03_05_14_49_10.png</path>
  <source>
    <database>Unknown</database>
  </source>
  <size>
    <width>350</width>
    <height>400</height>
    <depth>1</depth>
  </size>
  <segmented>0</segmented>
  <object>
    <type>robndbox</type>
    <name>UpStair</name>
    <pose>Unspecified</pose>
    <truncated>0</truncated>
    <difficult>0</difficult>
    <robndbox>
      <cx>137.3692</cx>
      <cy>253.0526</cy>
      <w>175.3969</w>
      <h>226.8443</h>
      <angle>0.622209</angle>
    </robndbox>
  </object>
</annotation>
