<annotation verified="no">
  <folder>greyscaled</folder>
  <filename>2022_03_05_14_32_05</filename>
  <path>D:\Academic files\thesis\Codes\Stair detection\greyscaled\2022_03_05_14_32_05.png</path>
  <source>
    <database>Unknown</database>
  </source>
  <size>
    <width>350</width>
    <height>400</height>
    <depth>1</depth>
  </size>
  <segmented>0</segmented>
  <object>
    <type>robndbox</type>
    <name>DownStair</name>
    <pose>Unspecified</pose>
    <truncated>0</truncated>
    <difficult>0</difficult>
    <robndbox>
      <cx>154.0779</cx>
      <cy>278.2098</cy>
      <w>134.5128</w>
      <h>197.0497</h>
      <angle>0.724445</angle>
    </robndbox>
  </object>
</annotation>
