<annotation verified="no">
  <folder>greyscaled</folder>
  <filename>2022_03_01_17_29_26</filename>
  <path>D:\Academic files\thesis\Codes\Stair detection\greyscaled\2022_03_01_17_29_26.png</path>
  <source>
    <database>Unknown</database>
  </source>
  <size>
    <width>350</width>
    <height>400</height>
    <depth>1</depth>
  </size>
  <segmented>0</segmented>
  <object>
    <type>robndbox</type>
    <name>UpStair</name>
    <pose>Unspecified</pose>
    <truncated>0</truncated>
    <difficult>0</difficult>
    <robndbox>
      <cx>184.4966</cx>
      <cy>181.0523</cy>
      <w>276.7495</w>
      <h>182.6152</h>
      <angle>0.522602</angle>
    </robndbox>
  </object>
</annotation>
