<annotation verified="no">
  <folder>fitrain</folder>
  <filename>2022_02_22_13_46_08</filename>
  <path>C:\Users\sabafar2\Desktop\fitrain\2022_02_22_13_46_08.bmp</path>
  <source>
    <database>Unknown</database>
  </source>
  <size>
    <width>350</width>
    <height>400</height>
    <depth>1</depth>
  </size>
  <segmented>0</segmented>
  <object>
    <type>robndbox</type>
    <name>UpStair</name>
    <pose>Unspecified</pose>
    <truncated>0</truncated>
    <difficult>0</difficult>
    <robndbox>
      <cx>100.933</cx>
      <cy>207.1262</cy>
      <w>96.74</w>
      <h>187.9156</h>
      <angle>0.238459</angle>
    </robndbox>
  </object>
</annotation>
