<annotation verified="no">
  <folder>greyscaled</folder>
  <filename>2022_03_01_17_22_23</filename>
  <path>D:\Academic files\thesis\Codes\Stair detection\greyscaled\2022_03_01_17_22_23.png</path>
  <source>
    <database>Unknown</database>
  </source>
  <size>
    <width>350</width>
    <height>400</height>
    <depth>1</depth>
  </size>
  <segmented>0</segmented>
  <object>
    <type>robndbox</type>
    <name>UpStair</name>
    <pose>Unspecified</pose>
    <truncated>0</truncated>
    <difficult>0</difficult>
    <robndbox>
      <cx>225.5975</cx>
      <cy>187.2588</cy>
      <w>111.0559</w>
      <h>277.79</h>
      <angle>2.799899</angle>
    </robndbox>
  </object>
</annotation>
