<annotation verified="no">
  <folder>greyscaled</folder>
  <filename>2022_03_01_17_36_40</filename>
  <path>D:\Academic files\thesis\Codes\Stair detection\greyscaled\2022_03_01_17_36_40.png</path>
  <source>
    <database>Unknown</database>
  </source>
  <size>
    <width>350</width>
    <height>400</height>
    <depth>1</depth>
  </size>
  <segmented>0</segmented>
  <object>
    <type>robndbox</type>
    <name>DownStair</name>
    <pose>Unspecified</pose>
    <truncated>0</truncated>
    <difficult>0</difficult>
    <robndbox>
      <cx>158.2757</cx>
      <cy>279.1867</cy>
      <w>132.2655</w>
      <h>197.6828</h>
      <angle>2.816374</angle>
    </robndbox>
  </object>
</annotation>
