<annotation verified="no">
  <folder>greyscaled</folder>
  <filename>2022_03_01_17_29_54</filename>
  <path>D:\Academic files\thesis\Codes\Stair detection\greyscaled\2022_03_01_17_29_54.png</path>
  <source>
    <database>Unknown</database>
  </source>
  <size>
    <width>350</width>
    <height>400</height>
    <depth>1</depth>
  </size>
  <segmented>0</segmented>
  <object>
    <type>robndbox</type>
    <name>DownStair</name>
    <pose>Unspecified</pose>
    <truncated>0</truncated>
    <difficult>0</difficult>
    <robndbox>
      <cx>172.9835</cx>
      <cy>245.9738</cy>
      <w>144.3148</w>
      <h>233.0248</h>
      <angle>0.282982</angle>
    </robndbox>
  </object>
</annotation>
