<annotation verified="no">
  <folder>greyscaled</folder>
  <filename>2022_03_01_17_08_12</filename>
  <path>D:\Academic files\thesis\Codes\Stair detection\greyscaled\2022_03_01_17_08_12.png</path>
  <source>
    <database>Unknown</database>
  </source>
  <size>
    <width>350</width>
    <height>400</height>
    <depth>1</depth>
  </size>
  <segmented>0</segmented>
  <object>
    <type>robndbox</type>
    <name>DownStair</name>
    <pose>Unspecified</pose>
    <truncated>0</truncated>
    <difficult>0</difficult>
    <robndbox>
      <cx>222.4531</cx>
      <cy>292.2656</cy>
      <w>154.7254</w>
      <h>136.8788</h>
      <angle>2.659134</angle>
    </robndbox>
  </object>
</annotation>
