<annotation verified="no">
  <folder>greyscaled</folder>
  <filename>2022_03_01_17_03_04</filename>
  <path>D:\Academic files\thesis\Codes\Stair detection\greyscaled\2022_03_01_17_03_04.png</path>
  <source>
    <database>Unknown</database>
  </source>
  <size>
    <width>350</width>
    <height>400</height>
    <depth>1</depth>
  </size>
  <segmented>0</segmented>
  <object>
    <type>robndbox</type>
    <name>UpStair</name>
    <pose>Unspecified</pose>
    <truncated>0</truncated>
    <difficult>0</difficult>
    <robndbox>
      <cx>204.5062</cx>
      <cy>233.6706</cy>
      <w>142.8479</w>
      <h>150.0525</h>
      <angle>0.622291</angle>
    </robndbox>
  </object>
</annotation>
