<annotation verified="no">
  <folder>greyscaled</folder>
  <filename>2022_03_05_14_39_32</filename>
  <path>D:\Academic files\thesis\Codes\Stair detection\greyscaled\2022_03_05_14_39_32.png</path>
  <source>
    <database>Unknown</database>
  </source>
  <size>
    <width>350</width>
    <height>400</height>
    <depth>1</depth>
  </size>
  <segmented>0</segmented>
  <object>
    <type>robndbox</type>
    <name>UpStair</name>
    <pose>Unspecified</pose>
    <truncated>0</truncated>
    <difficult>0</difficult>
    <robndbox>
      <cx>204.0413</cx>
      <cy>206.972</cy>
      <w>138.6991</w>
      <h>196.2654</h>
      <angle>0.292457</angle>
    </robndbox>
  </object>
</annotation>
