<annotation verified="no">
  <folder>greyscaled</folder>
  <filename>2022_03_01_17_21_40</filename>
  <path>D:\Academic files\thesis\Codes\Stair detection\greyscaled\2022_03_01_17_21_40.bmp</path>
  <source>
    <database>Unknown</database>
  </source>
  <size>
    <width>350</width>
    <height>400</height>
    <depth>1</depth>
  </size>
  <segmented>0</segmented>
  <object>
    <type>robndbox</type>
    <name>UpStair</name>
    <pose>Unspecified</pose>
    <truncated>0</truncated>
    <difficult>0</difficult>
    <robndbox>
      <cx>175.3656</cx>
      <cy>141.1258</cy>
      <w>216.6711</w>
      <h>142.9015</h>
      <angle>2.748281</angle>
    </robndbox>
  </object>
</annotation>
