<annotation verified="no">
  <folder>greyscaled</folder>
  <filename>2022_03_05_14_32_28</filename>
  <path>D:\Academic files\thesis\Codes\Stair detection\greyscaled\2022_03_05_14_32_28.png</path>
  <source>
    <database>Unknown</database>
  </source>
  <size>
    <width>350</width>
    <height>400</height>
    <depth>1</depth>
  </size>
  <segmented>0</segmented>
  <object>
    <type>robndbox</type>
    <name>UpStair</name>
    <pose>Unspecified</pose>
    <truncated>0</truncated>
    <difficult>0</difficult>
    <robndbox>
      <cx>177.2384</cx>
      <cy>213.0941</cy>
      <w>248.1129</w>
      <h>281.796</h>
      <angle>2.817148</angle>
    </robndbox>
  </object>
</annotation>
