<annotation verified="no">
  <folder>greyscaled</folder>
  <filename>2022_03_05_14_43_35</filename>
  <path>D:\Academic files\thesis\Codes\Stair detection\greyscaled\2022_03_05_14_43_35.png</path>
  <source>
    <database>Unknown</database>
  </source>
  <size>
    <width>350</width>
    <height>400</height>
    <depth>1</depth>
  </size>
  <segmented>0</segmented>
  <object>
    <type>robndbox</type>
    <name>DownStair</name>
    <pose>Unspecified</pose>
    <truncated>0</truncated>
    <difficult>0</difficult>
    <robndbox>
      <cx>115.6824</cx>
      <cy>286.5195</cy>
      <w>118.4648</w>
      <h>165.8158</h>
      <angle>2.964777</angle>
    </robndbox>
  </object>
</annotation>
