<annotation verified="no">
  <folder>greyscaled</folder>
  <filename>2022_02_27_15_07_55</filename>
  <path>D:\Academic files\thesis\Codes\Stair detection\greyscaled\2022_02_27_15_07_55.png</path>
  <source>
    <database>Unknown</database>
  </source>
  <size>
    <width>350</width>
    <height>400</height>
    <depth>1</depth>
  </size>
  <segmented>0</segmented>
  <object>
    <type>robndbox</type>
    <name>DownStair</name>
    <pose>Unspecified</pose>
    <truncated>0</truncated>
    <difficult>0</difficult>
    <robndbox>
      <cx>189.9244</cx>
      <cy>274.0051</cy>
      <w>94.6873</w>
      <h>185.5957</h>
      <angle>2.364823</angle>
    </robndbox>
  </object>
</annotation>
