<annotation verified="no">
  <folder>greyscaled</folder>
  <filename>2022_03_01_17_02_31</filename>
  <path>D:\Academic files\thesis\Codes\Stair detection\greyscaled\2022_03_01_17_02_31.png</path>
  <source>
    <database>Unknown</database>
  </source>
  <size>
    <width>350</width>
    <height>400</height>
    <depth>1</depth>
  </size>
  <segmented>0</segmented>
  <object>
    <type>robndbox</type>
    <name>UpStair</name>
    <pose>Unspecified</pose>
    <truncated>0</truncated>
    <difficult>0</difficult>
    <robndbox>
      <cx>109.1443</cx>
      <cy>276.4914</cy>
      <w>121.5487</w>
      <h>82.634</h>
      <angle>2.59205</angle>
    </robndbox>
  </object>
  <object>
    <type>robndbox</type>
    <name>UpStair</name>
    <pose>Unspecified</pose>
    <truncated>0</truncated>
    <difficult>0</difficult>
    <robndbox>
      <cx>31.8255</cx>
      <cy>306.3497</cy>
      <w>45.9041</w>
      <h>43.8823</h>
      <angle>1.104933</angle>
    </robndbox>
  </object>
</annotation>
