<annotation verified="no">
  <folder>greyscaled</folder>
  <filename>2022_03_01_17_18_12</filename>
  <path>D:\Academic files\thesis\Codes\Stair detection\greyscaled\2022_03_01_17_18_12.png</path>
  <source>
    <database>Unknown</database>
  </source>
  <size>
    <width>350</width>
    <height>400</height>
    <depth>1</depth>
  </size>
  <segmented>0</segmented>
  <object>
    <type>robndbox</type>
    <name>UpStair</name>
    <pose>Unspecified</pose>
    <truncated>0</truncated>
    <difficult>0</difficult>
    <robndbox>
      <cx>109.2384</cx>
      <cy>287.0</cy>
      <w>175.8699</w>
      <h>127.6823</h>
      <angle>0.648729</angle>
    </robndbox>
  </object>
</annotation>
