<annotation verified="no">
  <folder>greyscaled</folder>
  <filename>2022_03_05_14_29_39</filename>
  <path>D:\Academic files\thesis\Codes\Stair detection\greyscaled\2022_03_05_14_29_39.png</path>
  <source>
    <database>Unknown</database>
  </source>
  <size>
    <width>350</width>
    <height>400</height>
    <depth>1</depth>
  </size>
  <segmented>0</segmented>
  <object>
    <type>robndbox</type>
    <name>UpStair</name>
    <pose>Unspecified</pose>
    <truncated>0</truncated>
    <difficult>0</difficult>
    <robndbox>
      <cx>65.3692</cx>
      <cy>311.5</cy>
      <w>111.0828</w>
      <h>73.3358</h>
      <angle>0.772447</angle>
    </robndbox>
  </object>
</annotation>
