<annotation verified="no">
  <folder>greyscaled</folder>
  <filename>2022_02_27_14_48_41</filename>
  <path>D:\Academic files\thesis\Codes\Stair detection\greyscaled\2022_02_27_14_48_41.png</path>
  <source>
    <database>Unknown</database>
  </source>
  <size>
    <width>350</width>
    <height>400</height>
    <depth>1</depth>
  </size>
  <segmented>0</segmented>
  <object>
    <type>robndbox</type>
    <name>UpStair</name>
    <pose>Unspecified</pose>
    <truncated>0</truncated>
    <difficult>0</difficult>
    <robndbox>
      <cx>142.248</cx>
      <cy>233.9435</cy>
      <w>152.932</w>
      <h>190.5072</h>
      <angle>2.411226</angle>
    </robndbox>
  </object>
</annotation>
