<annotation verified="no">
  <folder>greyscaled</folder>
  <filename>2022_03_01_17_14_14</filename>
  <path>D:\Academic files\thesis\Codes\Stair detection\greyscaled\2022_03_01_17_14_14.png</path>
  <source>
    <database>Unknown</database>
  </source>
  <size>
    <width>350</width>
    <height>400</height>
    <depth>1</depth>
  </size>
  <segmented>0</segmented>
  <object>
    <type>robndbox</type>
    <name>UpStair</name>
    <pose>Unspecified</pose>
    <truncated>0</truncated>
    <difficult>0</difficult>
    <robndbox>
      <cx>199.1781</cx>
      <cy>194.6183</cy>
      <w>197.4586</w>
      <h>253.5965</h>
      <angle>0.533284</angle>
    </robndbox>
  </object>
</annotation>
