<annotation verified="no">
  <folder>greyscaled</folder>
  <filename>2022_02_26_16_27_14</filename>
  <path>D:\Academic files\thesis\Codes\Stair detection\greyscaled\2022_02_26_16_27_14.png</path>
  <source>
    <database>Unknown</database>
  </source>
  <size>
    <width>350</width>
    <height>400</height>
    <depth>1</depth>
  </size>
  <segmented>0</segmented>
  <object>
    <type>robndbox</type>
    <name>UpStair</name>
    <pose>Unspecified</pose>
    <truncated>0</truncated>
    <difficult>0</difficult>
    <robndbox>
      <cx>207.3061</cx>
      <cy>324.3114</cy>
      <w>246.8727</w>
      <h>64.7578</h>
      <angle>0.032817</angle>
    </robndbox>
  </object>
</annotation>
