<annotation verified="no">
  <folder>greyscaled</folder>
  <filename>2022_02_27_14_43_30</filename>
  <path>D:\Academic files\thesis\Codes\Stair detection\greyscaled\2022_02_27_14_43_30.png</path>
  <source>
    <database>Unknown</database>
  </source>
  <size>
    <width>350</width>
    <height>400</height>
    <depth>1</depth>
  </size>
  <segmented>0</segmented>
  <object>
    <type>robndbox</type>
    <name>UpStair</name>
    <pose>Unspecified</pose>
    <truncated>0</truncated>
    <difficult>0</difficult>
    <robndbox>
      <cx>117.0152</cx>
      <cy>231.3743</cy>
      <w>192.5432</w>
      <h>132.0033</h>
      <angle>0.561892</angle>
    </robndbox>
  </object>
</annotation>
