<annotation verified="no">
  <folder>greyscaled</folder>
  <filename>2022_03_01_17_14_05</filename>
  <path>D:\Academic files\thesis\Codes\Stair detection\greyscaled\2022_03_01_17_14_05.png</path>
  <source>
    <database>Unknown</database>
  </source>
  <size>
    <width>350</width>
    <height>400</height>
    <depth>1</depth>
  </size>
  <segmented>0</segmented>
  <object>
    <type>robndbox</type>
    <name>UpStair</name>
    <pose>Unspecified</pose>
    <truncated>0</truncated>
    <difficult>0</difficult>
    <robndbox>
      <cx>159.5643</cx>
      <cy>188.3528</cy>
      <w>152.5215</w>
      <h>258.5996</h>
      <angle>2.68757</angle>
    </robndbox>
  </object>
</annotation>
