<annotation verified="no">
  <folder>greyscaled</folder>
  <filename>2022_03_05_14_47_44</filename>
  <path>D:\Academic files\thesis\Codes\Stair detection\greyscaled\2022_03_05_14_47_44.png</path>
  <source>
    <database>Unknown</database>
  </source>
  <size>
    <width>350</width>
    <height>400</height>
    <depth>1</depth>
  </size>
  <segmented>0</segmented>
  <object>
    <type>robndbox</type>
    <name>UpStair</name>
    <pose>Unspecified</pose>
    <truncated>0</truncated>
    <difficult>0</difficult>
    <robndbox>
      <cx>159.1889</cx>
      <cy>347.1482</cy>
      <w>84.2423</w>
      <h>85.8642</h>
      <angle>2.891042</angle>
    </robndbox>
  </object>
</annotation>
