<annotation verified="no">
  <folder>greyscaled</folder>
  <filename>2022_02_26_16_26_06</filename>
  <path>D:\Academic files\thesis\Codes\Stair detection\greyscaled\2022_02_26_16_26_06.png</path>
  <source>
    <database>Unknown</database>
  </source>
  <size>
    <width>350</width>
    <height>400</height>
    <depth>1</depth>
  </size>
  <segmented>0</segmented>
  <object>
    <type>robndbox</type>
    <name>UpStair</name>
    <pose>Unspecified</pose>
    <truncated>0</truncated>
    <difficult>0</difficult>
    <robndbox>
      <cx>169.7384</cx>
      <cy>239.0</cy>
      <w>258.0</w>
      <h>166.0</h>
      <angle>0.144014</angle>
    </robndbox>
  </object>
</annotation>
