<annotation verified="no">
  <folder>greyscaled</folder>
  <filename>2022_03_01_17_09_02</filename>
  <path>D:\Academic files\thesis\Codes\Stair detection\greyscaled\2022_03_01_17_09_02.png</path>
  <source>
    <database>Unknown</database>
  </source>
  <size>
    <width>350</width>
    <height>400</height>
    <depth>1</depth>
  </size>
  <segmented>0</segmented>
  <object>
    <type>robndbox</type>
    <name>UpStair</name>
    <pose>Unspecified</pose>
    <truncated>0</truncated>
    <difficult>0</difficult>
    <robndbox>
      <cx>142.4572</cx>
      <cy>155.2157</cy>
      <w>202.5259</w>
      <h>207.7101</h>
      <angle>0.602265</angle>
    </robndbox>
  </object>
</annotation>
