<annotation verified="no">
  <folder>greyscaled</folder>
  <filename>2022_03_01_17_36_05</filename>
  <path>D:\Academic files\thesis\Codes\Stair detection\greyscaled\2022_03_01_17_36_05.png</path>
  <source>
    <database>Unknown</database>
  </source>
  <size>
    <width>350</width>
    <height>400</height>
    <depth>1</depth>
  </size>
  <segmented>0</segmented>
  <object>
    <type>robndbox</type>
    <name>DownStair</name>
    <pose>Unspecified</pose>
    <truncated>0</truncated>
    <difficult>0</difficult>
    <robndbox>
      <cx>124.3585</cx>
      <cy>285.7801</cy>
      <w>136.6605</w>
      <h>166.5646</h>
      <angle>0.200448</angle>
    </robndbox>
  </object>
</annotation>
