<annotation verified="no">
  <folder>greyscaled</folder>
  <filename>2022_03_01_17_14_38</filename>
  <path>D:\Academic files\thesis\Codes\Stair detection\greyscaled\2022_03_01_17_14_38.png</path>
  <source>
    <database>Unknown</database>
  </source>
  <size>
    <width>350</width>
    <height>400</height>
    <depth>1</depth>
  </size>
  <segmented>0</segmented>
  <object>
    <type>robndbox</type>
    <name>UpStair</name>
    <pose>Unspecified</pose>
    <truncated>0</truncated>
    <difficult>0</difficult>
    <robndbox>
      <cx>236.9019</cx>
      <cy>288.6245</cy>
      <w>109.4541</w>
      <h>145.9074</h>
      <angle>0.74611</angle>
    </robndbox>
  </object>
</annotation>
