<annotation verified="no">
  <folder>greyscaled</folder>
  <filename>2022_03_01_17_30_41</filename>
  <path>D:\Academic files\thesis\Codes\Stair detection\greyscaled\2022_03_01_17_30_41.png</path>
  <source>
    <database>Unknown</database>
  </source>
  <size>
    <width>350</width>
    <height>400</height>
    <depth>1</depth>
  </size>
  <segmented>0</segmented>
  <object>
    <type>robndbox</type>
    <name>UpStair</name>
    <pose>Unspecified</pose>
    <truncated>0</truncated>
    <difficult>0</difficult>
    <robndbox>
      <cx>63.3313</cx>
      <cy>301.6172</cy>
      <w>105.162</w>
      <h>70.6743</h>
      <angle>0.617251</angle>
    </robndbox>
  </object>
</annotation>
