<annotation verified="no">
  <folder>greyscaled</folder>
  <filename>2022_02_27_14_46_39</filename>
  <path>D:\Academic files\thesis\Codes\Stair detection\greyscaled\2022_02_27_14_46_39.png</path>
  <source>
    <database>Unknown</database>
  </source>
  <size>
    <width>350</width>
    <height>400</height>
    <depth>1</depth>
  </size>
  <segmented>0</segmented>
  <object>
    <type>robndbox</type>
    <name>DownStair</name>
    <pose>Unspecified</pose>
    <truncated>0</truncated>
    <difficult>0</difficult>
    <robndbox>
      <cx>124.7384</cx>
      <cy>279.5</cy>
      <w>122.0</w>
      <h>147.0</h>
      <angle>3.112197</angle>
    </robndbox>
  </object>
</annotation>
