<annotation verified="no">
  <folder>greyscaled</folder>
  <filename>2022_03_05_14_43_07</filename>
  <path>D:\Academic files\thesis\Codes\Stair detection\greyscaled\2022_03_05_14_43_07.png</path>
  <source>
    <database>Unknown</database>
  </source>
  <size>
    <width>350</width>
    <height>400</height>
    <depth>1</depth>
  </size>
  <segmented>0</segmented>
  <object>
    <type>robndbox</type>
    <name>DownStair</name>
    <pose>Unspecified</pose>
    <truncated>0</truncated>
    <difficult>0</difficult>
    <robndbox>
      <cx>214.2384</cx>
      <cy>278.5</cy>
      <w>133.0</w>
      <h>175.0</h>
      <angle>0.047338</angle>
    </robndbox>
  </object>
</annotation>
