<annotation verified="no">
  <folder>greyscaled</folder>
  <filename>2022_03_05_14_48_05</filename>
  <path>D:\Academic files\thesis\Codes\Stair detection\greyscaled\2022_03_05_14_48_05.png</path>
  <source>
    <database>Unknown</database>
  </source>
  <size>
    <width>350</width>
    <height>400</height>
    <depth>1</depth>
  </size>
  <segmented>0</segmented>
  <object>
    <type>robndbox</type>
    <name>UpStair</name>
    <pose>Unspecified</pose>
    <truncated>0</truncated>
    <difficult>0</difficult>
    <robndbox>
      <cx>79.5591</cx>
      <cy>245.2984</cy>
      <w>76.8528</w>
      <h>218.0818</h>
      <angle>3.063662</angle>
    </robndbox>
  </object>
</annotation>
