<annotation verified="no">
  <folder>greyscaled</folder>
  <filename>2022_03_05_14_32_12</filename>
  <path>D:\Academic files\thesis\Codes\Stair detection\greyscaled\2022_03_05_14_32_12.bmp</path>
  <source>
    <database>Unknown</database>
  </source>
  <size>
    <width>350</width>
    <height>400</height>
    <depth>1</depth>
  </size>
  <segmented>0</segmented>
  <object>
    <type>robndbox</type>
    <name>UpStair</name>
    <pose>Unspecified</pose>
    <truncated>0</truncated>
    <difficult>0</difficult>
    <robndbox>
      <cx>146.3146</cx>
      <cy>194.954</cy>
      <w>176.3186</w>
      <h>298.6455</h>
      <angle>2.80811</angle>
    </robndbox>
  </object>
</annotation>
