<annotation verified="no">
  <folder>greyscaled</folder>
  <filename>2022_02_24_15_48_29</filename>
  <path>D:\Academic files\thesis\Codes\Stair detection\greyscaled\2022_02_24_15_48_29.bmp</path>
  <source>
    <database>Unknown</database>
  </source>
  <size>
    <width>350</width>
    <height>400</height>
    <depth>1</depth>
  </size>
  <segmented>0</segmented>
  <object>
    <type>robndbox</type>
    <name>DownStair</name>
    <pose>Unspecified</pose>
    <truncated>0</truncated>
    <difficult>0</difficult>
    <robndbox>
      <cx>178.0109</cx>
      <cy>255.3492</cy>
      <w>104.2225</w>
      <h>224.6034</h>
      <angle>0.394294</angle>
    </robndbox>
  </object>
</annotation>
