<annotation verified="no">
  <folder>greyscaled</folder>
  <filename>2022_03_01_17_11_04</filename>
  <path>D:\Academic files\thesis\Codes\Stair detection\greyscaled\2022_03_01_17_11_04.png</path>
  <source>
    <database>Unknown</database>
  </source>
  <size>
    <width>350</width>
    <height>400</height>
    <depth>1</depth>
  </size>
  <segmented>0</segmented>
  <object>
    <type>robndbox</type>
    <name>DownStair</name>
    <pose>Unspecified</pose>
    <truncated>0</truncated>
    <difficult>0</difficult>
    <robndbox>
      <cx>173.9801</cx>
      <cy>278.3171</cy>
      <w>123.8305</w>
      <h>200.2501</h>
      <angle>2.670756</angle>
    </robndbox>
  </object>
</annotation>
