<annotation verified="no">
  <folder>greyscaled</folder>
  <filename>2022_03_01_17_19_34</filename>
  <path>D:\Academic files\thesis\Codes\Stair detection\greyscaled\2022_03_01_17_19_34.png</path>
  <source>
    <database>Unknown</database>
  </source>
  <size>
    <width>350</width>
    <height>400</height>
    <depth>1</depth>
  </size>
  <segmented>0</segmented>
  <object>
    <type>robndbox</type>
    <name>UpStair</name>
    <pose>Unspecified</pose>
    <truncated>0</truncated>
    <difficult>0</difficult>
    <robndbox>
      <cx>187.3801</cx>
      <cy>188.0543</cy>
      <w>200.9741</w>
      <h>321.5014</h>
      <angle>0.392733</angle>
    </robndbox>
  </object>
</annotation>
