<annotation verified="no">
  <folder>greyscaled</folder>
  <filename>2022_02_24_15_38_29</filename>
  <path>D:\Academic files\thesis\Codes\Stair detection\greyscaled\2022_02_24_15_38_29.bmp</path>
  <source>
    <database>Unknown</database>
  </source>
  <size>
    <width>350</width>
    <height>400</height>
    <depth>1</depth>
  </size>
  <segmented>0</segmented>
  <object>
    <type>robndbox</type>
    <name>UpStair</name>
    <pose>Unspecified</pose>
    <truncated>0</truncated>
    <difficult>0</difficult>
    <robndbox>
      <cx>107.6665</cx>
      <cy>183.5081</cy>
      <w>173.6713</w>
      <h>137.6776</h>
      <angle>2.23247</angle>
    </robndbox>
  </object>
</annotation>
