<annotation verified="no">
  <folder>greyscaled</folder>
  <filename>2022_02_27_14_55_02</filename>
  <path>D:\Academic files\thesis\Codes\Stair detection\greyscaled\2022_02_27_14_55_02.png</path>
  <source>
    <database>Unknown</database>
  </source>
  <size>
    <width>350</width>
    <height>400</height>
    <depth>1</depth>
  </size>
  <segmented>0</segmented>
  <object>
    <type>robndbox</type>
    <name>UpStair</name>
    <pose>Unspecified</pose>
    <truncated>0</truncated>
    <difficult>0</difficult>
    <robndbox>
      <cx>129.0551</cx>
      <cy>93.7568</cy>
      <w>208.8435</w>
      <h>114.6155</h>
      <angle>2.755415</angle>
    </robndbox>
  </object>
</annotation>
