<annotation verified="no">
  <folder>greyscaled</folder>
  <filename>2022_03_01_17_32_25</filename>
  <path>D:\Academic files\thesis\Codes\Stair detection\greyscaled\2022_03_01_17_32_25.bmp</path>
  <source>
    <database>Unknown</database>
  </source>
  <size>
    <width>350</width>
    <height>400</height>
    <depth>1</depth>
  </size>
  <segmented>0</segmented>
  <object>
    <type>robndbox</type>
    <name>UpStair</name>
    <pose>Unspecified</pose>
    <truncated>0</truncated>
    <difficult>0</difficult>
    <robndbox>
      <cx>173.9429</cx>
      <cy>203.4923</cy>
      <w>270.0968</w>
      <h>257.4405</h>
      <angle>2.750151</angle>
    </robndbox>
  </object>
</annotation>
