<annotation verified="no">
  <folder>greyscaled</folder>
  <filename>2022_02_26_16_20_26</filename>
  <path>D:\Academic files\thesis\Codes\Stair detection\greyscaled\2022_02_26_16_20_26.png</path>
  <source>
    <database>Unknown</database>
  </source>
  <size>
    <width>350</width>
    <height>400</height>
    <depth>1</depth>
  </size>
  <segmented>0</segmented>
  <object>
    <type>robndbox</type>
    <name>UpStair</name>
    <pose>Unspecified</pose>
    <truncated>0</truncated>
    <difficult>0</difficult>
    <robndbox>
      <cx>199.3435</cx>
      <cy>283.699</cy>
      <w>59.3687</w>
      <h>229.0439</h>
      <angle>0.868661</angle>
    </robndbox>
  </object>
</annotation>
