<annotation verified="no">
  <folder>greyscaled</folder>
  <filename>2022_03_05_14_42_54</filename>
  <path>D:\Academic files\thesis\Codes\Stair detection\greyscaled\2022_03_05_14_42_54.png</path>
  <source>
    <database>Unknown</database>
  </source>
  <size>
    <width>350</width>
    <height>400</height>
    <depth>1</depth>
  </size>
  <segmented>0</segmented>
  <object>
    <type>robndbox</type>
    <name>UpStair</name>
    <pose>Unspecified</pose>
    <truncated>0</truncated>
    <difficult>0</difficult>
    <robndbox>
      <cx>83.2384</cx>
      <cy>171.0</cy>
      <w>128.0657</w>
      <h>246.3578</h>
      <angle>3.079946</angle>
    </robndbox>
  </object>
</annotation>
