<annotation verified="no">
  <folder>greyscaled</folder>
  <filename>2022_02_27_15_05_45</filename>
  <path>D:\Academic files\thesis\Codes\Stair detection\greyscaled\2022_02_27_15_05_45.png</path>
  <source>
    <database>Unknown</database>
  </source>
  <size>
    <width>350</width>
    <height>400</height>
    <depth>1</depth>
  </size>
  <segmented>0</segmented>
  <object>
    <type>robndbox</type>
    <name>UpStair</name>
    <pose>Unspecified</pose>
    <truncated>0</truncated>
    <difficult>0</difficult>
    <robndbox>
      <cx>178.7384</cx>
      <cy>278.0</cy>
      <w>280.0</w>
      <h>146.0</h>
      <angle>3.060105</angle>
    </robndbox>
  </object>
</annotation>
