<annotation verified="no">
  <folder>greyscaled</folder>
  <filename>2022_03_01_17_10_47</filename>
  <path>D:\Academic files\thesis\Codes\Stair detection\greyscaled\2022_03_01_17_10_47.png</path>
  <source>
    <database>Unknown</database>
  </source>
  <size>
    <width>350</width>
    <height>400</height>
    <depth>1</depth>
  </size>
  <segmented>0</segmented>
  <object>
    <type>robndbox</type>
    <name>UpStair</name>
    <pose>Unspecified</pose>
    <truncated>0</truncated>
    <difficult>0</difficult>
    <robndbox>
      <cx>192.2384</cx>
      <cy>305.0</cy>
      <w>113.0</w>
      <h>118.0</h>
      <angle>0.440034</angle>
    </robndbox>
  </object>
</annotation>
