<annotation verified="no">
  <folder>greyscaled</folder>
  <filename>2022_02_24_15_52_03</filename>
  <path>D:\Academic files\thesis\Codes\Stair detection\greyscaled\2022_02_24_15_52_03.bmp</path>
  <source>
    <database>Unknown</database>
  </source>
  <size>
    <width>350</width>
    <height>400</height>
    <depth>1</depth>
  </size>
  <segmented>0</segmented>
  <object>
    <type>robndbox</type>
    <name>UpStair</name>
    <pose>Unspecified</pose>
    <truncated>0</truncated>
    <difficult>0</difficult>
    <robndbox>
      <cx>241.3972</cx>
      <cy>343.3111</cy>
      <w>120.1022</w>
      <h>56.281</h>
      <angle>2.848075</angle>
    </robndbox>
  </object>
</annotation>
