<annotation verified="no">
  <folder>greyscaled</folder>
  <filename>2022_02_27_14_45_03</filename>
  <path>D:\Academic files\thesis\Codes\Stair detection\greyscaled\2022_02_27_14_45_03.png</path>
  <source>
    <database>Unknown</database>
  </source>
  <size>
    <width>350</width>
    <height>400</height>
    <depth>1</depth>
  </size>
  <segmented>0</segmented>
  <object>
    <type>robndbox</type>
    <name>DownStair</name>
    <pose>Unspecified</pose>
    <truncated>0</truncated>
    <difficult>0</difficult>
    <robndbox>
      <cx>130.8692</cx>
      <cy>234.6111</cy>
      <w>140.6533</w>
      <h>245.3981</h>
      <angle>0.661542</angle>
    </robndbox>
  </object>
</annotation>
