<annotation verified="no">
  <folder>greyscaled</folder>
  <filename>2022_03_01_17_02_37</filename>
  <path>D:\Academic files\thesis\Codes\Stair detection\greyscaled\2022_03_01_17_02_37.png</path>
  <source>
    <database>Unknown</database>
  </source>
  <size>
    <width>350</width>
    <height>400</height>
    <depth>1</depth>
  </size>
  <segmented>0</segmented>
  <object>
    <type>robndbox</type>
    <name>UpStair</name>
    <pose>Unspecified</pose>
    <truncated>0</truncated>
    <difficult>0</difficult>
    <robndbox>
      <cx>97.1824</cx>
      <cy>237.2246</cy>
      <w>74.3846</w>
      <h>135.6632</h>
      <angle>0.610484</angle>
    </robndbox>
  </object>
  <object>
    <type>robndbox</type>
    <name>UpStair</name>
    <pose>Unspecified</pose>
    <truncated>0</truncated>
    <difficult>0</difficult>
    <robndbox>
      <cx>36.9167</cx>
      <cy>310.5</cy>
      <w>49.0</w>
      <h>57.0</h>
      <angle>0.672113</angle>
    </robndbox>
  </object>
</annotation>
