<annotation verified="no">
  <folder>greyscaled</folder>
  <filename>2022_02_22_13_43_16</filename>
  <path>D:\Academic files\thesis\Codes\Stair detection\greyscaled\2022_02_22_13_43_16.bmp</path>
  <source>
    <database>Unknown</database>
  </source>
  <size>
    <width>350</width>
    <height>400</height>
    <depth>1</depth>
  </size>
  <segmented>0</segmented>
  <object>
    <type>robndbox</type>
    <name>UpStair</name>
    <pose>Unspecified</pose>
    <truncated>0</truncated>
    <difficult>0</difficult>
    <robndbox>
      <cx>161.4998</cx>
      <cy>161.2395</cy>
      <w>246.3829</w>
      <h>246.3857</h>
      <angle>0.169691</angle>
    </robndbox>
  </object>
</annotation>
