<annotation verified="no">
  <folder>greyscaled</folder>
  <filename>2022_02_22_13_44_52</filename>
  <path>D:\Academic files\thesis\Codes\Stair detection\greyscaled\2022_02_22_13_44_52.bmp</path>
  <source>
    <database>Unknown</database>
  </source>
  <size>
    <width>350</width>
    <height>400</height>
    <depth>1</depth>
  </size>
  <segmented>0</segmented>
  <object>
    <type>robndbox</type>
    <name>UpStair</name>
    <pose>Unspecified</pose>
    <truncated>0</truncated>
    <difficult>0</difficult>
    <robndbox>
      <cx>140.5241</cx>
      <cy>274.3864</cy>
      <w>227.8738</w>
      <h>106.7802</h>
      <angle>2.917379</angle>
    </robndbox>
  </object>
</annotation>
