<annotation verified="no">
  <folder>greyscaled</folder>
  <filename>2022_03_01_17_11_11</filename>
  <path>D:\Academic files\thesis\Codes\Stair detection\greyscaled\2022_03_01_17_11_11.png</path>
  <source>
    <database>Unknown</database>
  </source>
  <size>
    <width>350</width>
    <height>400</height>
    <depth>1</depth>
  </size>
  <segmented>0</segmented>
  <object>
    <type>robndbox</type>
    <name>DownStair</name>
    <pose>Unspecified</pose>
    <truncated>0</truncated>
    <difficult>0</difficult>
    <robndbox>
      <cx>147.807</cx>
      <cy>248.9133</cy>
      <w>151.4532</w>
      <h>208.2795</h>
      <angle>0.510052</angle>
    </robndbox>
  </object>
</annotation>
