<annotation verified="no">
  <folder>greyscaled</folder>
  <filename>2022_02_27_14_47_33</filename>
  <path>D:\Academic files\thesis\Codes\Stair detection\greyscaled\2022_02_27_14_47_33.png</path>
  <source>
    <database>Unknown</database>
  </source>
  <size>
    <width>350</width>
    <height>400</height>
    <depth>1</depth>
  </size>
  <segmented>0</segmented>
  <object>
    <type>robndbox</type>
    <name>UpStair</name>
    <pose>Unspecified</pose>
    <truncated>0</truncated>
    <difficult>0</difficult>
    <robndbox>
      <cx>102.0713</cx>
      <cy>186.7452</cy>
      <w>71.4259</w>
      <h>224.0416</h>
      <angle>3.009667</angle>
    </robndbox>
  </object>
</annotation>
