<annotation verified="no">
  <folder>greyscaled</folder>
  <filename>2022_03_05_14_37_47</filename>
  <path>D:\Academic files\thesis\Codes\Stair detection\greyscaled\2022_03_05_14_37_47.png</path>
  <source>
    <database>Unknown</database>
  </source>
  <size>
    <width>350</width>
    <height>400</height>
    <depth>1</depth>
  </size>
  <segmented>0</segmented>
  <object>
    <type>robndbox</type>
    <name>UpStair</name>
    <pose>Unspecified</pose>
    <truncated>0</truncated>
    <difficult>0</difficult>
    <robndbox>
      <cx>73.1559</cx>
      <cy>206.9734</cy>
      <w>76.0816</w>
      <h>296.8347</h>
      <angle>0.0775</angle>
    </robndbox>
  </object>
</annotation>
