<annotation verified="no">
  <folder>greyscaled</folder>
  <filename>2022_03_05_14_28_22</filename>
  <path>D:\Academic files\thesis\Codes\Stair detection\greyscaled\2022_03_05_14_28_22.png</path>
  <source>
    <database>Unknown</database>
  </source>
  <size>
    <width>350</width>
    <height>400</height>
    <depth>1</depth>
  </size>
  <segmented>0</segmented>
  <object>
    <type>robndbox</type>
    <name>UpStair</name>
    <pose>Unspecified</pose>
    <truncated>0</truncated>
    <difficult>0</difficult>
    <robndbox>
      <cx>181.6825</cx>
      <cy>248.6755</cy>
      <w>79.7905</w>
      <h>281.0032</h>
      <angle>0.641681</angle>
    </robndbox>
  </object>
</annotation>
