<annotation verified="no">
  <folder>greyscaled</folder>
  <filename>2022_03_05_14_39_23</filename>
  <path>D:\Academic files\thesis\Codes\Stair detection\greyscaled\2022_03_05_14_39_23.png</path>
  <source>
    <database>Unknown</database>
  </source>
  <size>
    <width>350</width>
    <height>400</height>
    <depth>1</depth>
  </size>
  <segmented>0</segmented>
  <object>
    <type>robndbox</type>
    <name>UpStair</name>
    <pose>Unspecified</pose>
    <truncated>0</truncated>
    <difficult>0</difficult>
    <robndbox>
      <cx>173.7384</cx>
      <cy>174.5</cy>
      <w>136.8209</w>
      <h>222.4883</h>
      <angle>2.628543</angle>
    </robndbox>
  </object>
</annotation>
