<annotation verified="no">
  <folder>greyscaled</folder>
  <filename>2022_03_05_14_41_34</filename>
  <path>D:\Academic files\thesis\Codes\Stair detection\greyscaled\2022_03_05_14_41_34.png</path>
  <source>
    <database>Unknown</database>
  </source>
  <size>
    <width>350</width>
    <height>400</height>
    <depth>1</depth>
  </size>
  <segmented>0</segmented>
  <object>
    <type>robndbox</type>
    <name>UpStair</name>
    <pose>Unspecified</pose>
    <truncated>0</truncated>
    <difficult>0</difficult>
    <robndbox>
      <cx>160.5359</cx>
      <cy>189.2556</cy>
      <w>238.44</w>
      <h>287.0546</h>
      <angle>2.798695</angle>
    </robndbox>
  </object>
</annotation>
