<annotation verified="no">
  <folder>greyscaled</folder>
  <filename>2022_02_24_15_40_51</filename>
  <path>D:\Academic files\thesis\Codes\Stair detection\greyscaled\2022_02_24_15_40_51.bmp</path>
  <source>
    <database>Unknown</database>
  </source>
  <size>
    <width>350</width>
    <height>400</height>
    <depth>1</depth>
  </size>
  <segmented>0</segmented>
  <object>
    <type>robndbox</type>
    <name>UpStair</name>
    <pose>Unspecified</pose>
    <truncated>0</truncated>
    <difficult>0</difficult>
    <robndbox>
      <cx>89.7666</cx>
      <cy>278.4464</cy>
      <w>91.6548</w>
      <h>82.1446</h>
      <angle>0.508669</angle>
    </robndbox>
  </object>
</annotation>
