<annotation verified="no">
  <folder>greyscaled</folder>
  <filename>2022_02_27_14_54_11</filename>
  <path>D:\Academic files\thesis\Codes\Stair detection\greyscaled\2022_02_27_14_54_11.png</path>
  <source>
    <database>Unknown</database>
  </source>
  <size>
    <width>350</width>
    <height>400</height>
    <depth>1</depth>
  </size>
  <segmented>0</segmented>
  <object>
    <type>robndbox</type>
    <name>UpStair</name>
    <pose>Unspecified</pose>
    <truncated>0</truncated>
    <difficult>0</difficult>
    <robndbox>
      <cx>265.2384</cx>
      <cy>208.0</cy>
      <w>147.0</w>
      <h>190.0</h>
      <angle>0.0</angle>
    </robndbox>
  </object>
</annotation>
