<annotation verified="no">
  <folder>greyscaled</folder>
  <filename>2022_02_27_14_57_09</filename>
  <path>D:\Academic files\thesis\Codes\Stair detection\greyscaled\2022_02_27_14_57_09.png</path>
  <source>
    <database>Unknown</database>
  </source>
  <size>
    <width>350</width>
    <height>400</height>
    <depth>1</depth>
  </size>
  <segmented>0</segmented>
  <object>
    <type>robndbox</type>
    <name>DownStair</name>
    <pose>Unspecified</pose>
    <truncated>0</truncated>
    <difficult>0</difficult>
    <robndbox>
      <cx>152.2384</cx>
      <cy>262.5</cy>
      <w>165.0</w>
      <h>189.0</h>
      <angle>0.0</angle>
    </robndbox>
  </object>
</annotation>
