<annotation verified="no">
  <folder>greyscaled</folder>
  <filename>2022_02_22_13_43_44</filename>
  <path>D:\Academic files\thesis\Codes\Stair detection\greyscaled\2022_02_22_13_43_44.bmp</path>
  <source>
    <database>Unknown</database>
  </source>
  <size>
    <width>350</width>
    <height>400</height>
    <depth>1</depth>
  </size>
  <segmented>0</segmented>
  <object>
    <type>robndbox</type>
    <name>UpStair</name>
    <pose>Unspecified</pose>
    <truncated>0</truncated>
    <difficult>0</difficult>
    <robndbox>
      <cx>108.5296</cx>
      <cy>178.6902</cy>
      <w>119.0738</w>
      <h>200.1693</h>
      <angle>2.872545</angle>
    </robndbox>
  </object>
</annotation>
