<annotation verified="no">
  <folder>greyscaled</folder>
  <filename>2022_03_01_17_32_10</filename>
  <path>D:\Academic files\thesis\Codes\Stair detection\greyscaled\2022_03_01_17_32_10.png</path>
  <source>
    <database>Unknown</database>
  </source>
  <size>
    <width>350</width>
    <height>400</height>
    <depth>1</depth>
  </size>
  <segmented>0</segmented>
  <object>
    <type>robndbox</type>
    <name>UpStair</name>
    <pose>Unspecified</pose>
    <truncated>0</truncated>
    <difficult>0</difficult>
    <robndbox>
      <cx>178.5714</cx>
      <cy>171.7563</cy>
      <w>272.5866</w>
      <h>220.4739</h>
      <angle>0.374399</angle>
    </robndbox>
  </object>
</annotation>
