<annotation verified="no">
  <folder>greyscaled</folder>
  <filename>2022_03_05_14_49_29</filename>
  <path>D:\Academic files\thesis\Codes\Stair detection\greyscaled\2022_03_05_14_49_29.png</path>
  <source>
    <database>Unknown</database>
  </source>
  <size>
    <width>350</width>
    <height>400</height>
    <depth>1</depth>
  </size>
  <segmented>0</segmented>
  <object>
    <type>robndbox</type>
    <name>UpStair</name>
    <pose>Unspecified</pose>
    <truncated>0</truncated>
    <difficult>0</difficult>
    <robndbox>
      <cx>170.3148</cx>
      <cy>197.919</cy>
      <w>232.1895</w>
      <h>278.2228</h>
      <angle>0.509924</angle>
    </robndbox>
  </object>
</annotation>
