<annotation verified="no">
  <folder>greyscaled</folder>
  <filename>2022_03_01_17_14_23</filename>
  <path>D:\Academic files\thesis\Codes\Stair detection\greyscaled\2022_03_01_17_14_23.png</path>
  <source>
    <database>Unknown</database>
  </source>
  <size>
    <width>350</width>
    <height>400</height>
    <depth>1</depth>
  </size>
  <segmented>0</segmented>
  <object>
    <type>robndbox</type>
    <name>UpStair</name>
    <pose>Unspecified</pose>
    <truncated>0</truncated>
    <difficult>0</difficult>
    <robndbox>
      <cx>226.4781</cx>
      <cy>250.5928</cy>
      <w>169.1972</w>
      <h>169.8677</h>
      <angle>0.852382</angle>
    </robndbox>
  </object>
</annotation>
