<annotation verified="no">
  <folder>greyscaled</folder>
  <filename>2022_02_24_15_53_52</filename>
  <path>D:\Academic files\thesis\Codes\Stair detection\greyscaled\2022_02_24_15_53_52.bmp</path>
  <source>
    <database>Unknown</database>
  </source>
  <size>
    <width>350</width>
    <height>400</height>
    <depth>1</depth>
  </size>
  <segmented>0</segmented>
  <object>
    <type>robndbox</type>
    <name>UpStair</name>
    <pose>Unspecified</pose>
    <truncated>0</truncated>
    <difficult>0</difficult>
    <robndbox>
      <cx>172.4974</cx>
      <cy>242.9591</cy>
      <w>307.9224</w>
      <h>142.8399</h>
      <angle>2.747683</angle>
    </robndbox>
  </object>
</annotation>
