<annotation verified="no">
  <folder>greyscaled</folder>
  <filename>2022_03_01_17_22_07</filename>
  <path>D:\Academic files\thesis\Codes\Stair detection\greyscaled\2022_03_01_17_22_07.png</path>
  <source>
    <database>Unknown</database>
  </source>
  <size>
    <width>350</width>
    <height>400</height>
    <depth>1</depth>
  </size>
  <segmented>0</segmented>
  <object>
    <type>robndbox</type>
    <name>UpStair</name>
    <pose>Unspecified</pose>
    <truncated>0</truncated>
    <difficult>0</difficult>
    <robndbox>
      <cx>159.703</cx>
      <cy>224.7553</cy>
      <w>231.4257</w>
      <h>181.754</h>
      <angle>0.496699</angle>
    </robndbox>
  </object>
</annotation>
