<annotation verified="no">
  <folder>greyscaled</folder>
  <filename>2022_03_01_17_18_23</filename>
  <path>D:\Academic files\thesis\Codes\Stair detection\greyscaled\2022_03_01_17_18_23.png</path>
  <source>
    <database>Unknown</database>
  </source>
  <size>
    <width>350</width>
    <height>400</height>
    <depth>1</depth>
  </size>
  <segmented>0</segmented>
  <object>
    <type>robndbox</type>
    <name>UpStair</name>
    <pose>Unspecified</pose>
    <truncated>0</truncated>
    <difficult>0</difficult>
    <robndbox>
      <cx>260.8901</cx>
      <cy>268.6852</cy>
      <w>108.5933</w>
      <h>204.6016</h>
      <angle>0.348033</angle>
    </robndbox>
  </object>
</annotation>
