<annotation verified="no">
  <folder>greyscaled</folder>
  <filename>2022_02_27_15_09_16</filename>
  <path>D:\Academic files\thesis\Codes\Stair detection\greyscaled\2022_02_27_15_09_16.bmp</path>
  <source>
    <database>Unknown</database>
  </source>
  <size>
    <width>350</width>
    <height>400</height>
    <depth>1</depth>
  </size>
  <segmented>0</segmented>
  <object>
    <type>robndbox</type>
    <name>UpStair</name>
    <pose>Unspecified</pose>
    <truncated>0</truncated>
    <difficult>0</difficult>
    <robndbox>
      <cx>274.7384</cx>
      <cy>250.0</cy>
      <w>105.8426</w>
      <h>177.3734</h>
      <angle>2.86681</angle>
    </robndbox>
  </object>
</annotation>
