<annotation verified="no">
  <folder>greyscaled</folder>
  <filename>2022_02_27_14_57_40</filename>
  <path>D:\Academic files\thesis\Codes\Stair detection\greyscaled\2022_02_27_14_57_40.png</path>
  <source>
    <database>Unknown</database>
  </source>
  <size>
    <width>350</width>
    <height>400</height>
    <depth>1</depth>
  </size>
  <segmented>0</segmented>
  <object>
    <type>robndbox</type>
    <name>UpStair</name>
    <pose>Unspecified</pose>
    <truncated>0</truncated>
    <difficult>0</difficult>
    <robndbox>
      <cx>120.1482</cx>
      <cy>191.09</cy>
      <w>202.7613</w>
      <h>101.2865</h>
      <angle>0.769415</angle>
    </robndbox>
  </object>
</annotation>
