<annotation verified="no">
  <folder>greyscaled</folder>
  <filename>2022_03_01_17_05_39</filename>
  <path>D:\Academic files\thesis\Codes\Stair detection\greyscaled\2022_03_01_17_05_39.png</path>
  <source>
    <database>Unknown</database>
  </source>
  <size>
    <width>350</width>
    <height>400</height>
    <depth>1</depth>
  </size>
  <segmented>0</segmented>
  <object>
    <type>robndbox</type>
    <name>DownStair</name>
    <pose>Unspecified</pose>
    <truncated>0</truncated>
    <difficult>0</difficult>
    <robndbox>
      <cx>142.8828</cx>
      <cy>296.7656</cy>
      <w>195.2911</w>
      <h>167.683</h>
      <angle>3.000196</angle>
    </robndbox>
  </object>
</annotation>
