<annotation verified="no">
  <folder>greyscaled</folder>
  <filename>2022_03_01_17_04_39</filename>
  <path>D:\Academic files\thesis\Codes\Stair detection\greyscaled\2022_03_01_17_04_39.png</path>
  <source>
    <database>Unknown</database>
  </source>
  <size>
    <width>350</width>
    <height>400</height>
    <depth>1</depth>
  </size>
  <segmented>0</segmented>
  <object>
    <type>robndbox</type>
    <name>DownStair</name>
    <pose>Unspecified</pose>
    <truncated>0</truncated>
    <difficult>0</difficult>
    <robndbox>
      <cx>145.2384</cx>
      <cy>271.0</cy>
      <w>197.7938</w>
      <h>165.3439</h>
      <angle>2.912124</angle>
    </robndbox>
  </object>
</annotation>
