<annotation verified="no">
  <folder>greyscaled</folder>
  <filename>2022_03_05_14_31_45</filename>
  <path>D:\Academic files\thesis\Codes\Stair detection\greyscaled\2022_03_05_14_31_45.bmp</path>
  <source>
    <database>Unknown</database>
  </source>
  <size>
    <width>350</width>
    <height>400</height>
    <depth>1</depth>
  </size>
  <segmented>0</segmented>
  <object>
    <type>robndbox</type>
    <name>UpStair</name>
    <pose>Unspecified</pose>
    <truncated>0</truncated>
    <difficult>0</difficult>
    <robndbox>
      <cx>159.3388</cx>
      <cy>276.2208</cy>
      <w>204.1725</w>
      <h>129.0681</h>
      <angle>2.874112</angle>
    </robndbox>
  </object>
</annotation>
