<annotation verified="no">
  <folder>greyscaled</folder>
  <filename>2022_03_05_14_43_15</filename>
  <path>D:\Academic files\thesis\Codes\Stair detection\greyscaled\2022_03_05_14_43_15.png</path>
  <source>
    <database>Unknown</database>
  </source>
  <size>
    <width>350</width>
    <height>400</height>
    <depth>1</depth>
  </size>
  <segmented>0</segmented>
  <object>
    <type>robndbox</type>
    <name>DownStair</name>
    <pose>Unspecified</pose>
    <truncated>0</truncated>
    <difficult>0</difficult>
    <robndbox>
      <cx>244.4019</cx>
      <cy>253.5819</cy>
      <w>152.4959</w>
      <h>162.3025</h>
      <angle>0.490681</angle>
    </robndbox>
  </object>
</annotation>
