<annotation verified="no">
  <folder>greyscaled</folder>
  <filename>2022_03_01_17_37_18</filename>
  <path>D:\Academic files\thesis\Codes\Stair detection\greyscaled\2022_03_01_17_37_18.png</path>
  <source>
    <database>Unknown</database>
  </source>
  <size>
    <width>350</width>
    <height>400</height>
    <depth>1</depth>
  </size>
  <segmented>0</segmented>
  <object>
    <type>robndbox</type>
    <name>UpStair</name>
    <pose>Unspecified</pose>
    <truncated>0</truncated>
    <difficult>0</difficult>
    <robndbox>
      <cx>169.8435</cx>
      <cy>248.7583</cy>
      <w>258.6642</w>
      <h>204.5857</h>
      <angle>0.139142</angle>
    </robndbox>
  </object>
</annotation>
