<annotation verified="no">
  <folder>greyscaled</folder>
  <filename>2022_03_05_14_32_16</filename>
  <path>D:\Academic files\thesis\Codes\Stair detection\greyscaled\2022_03_05_14_32_16.bmp</path>
  <source>
    <database>Unknown</database>
  </source>
  <size>
    <width>350</width>
    <height>400</height>
    <depth>1</depth>
  </size>
  <segmented>0</segmented>
  <object>
    <type>robndbox</type>
    <name>UpStair</name>
    <pose>Unspecified</pose>
    <truncated>0</truncated>
    <difficult>0</difficult>
    <robndbox>
      <cx>155.7406</cx>
      <cy>206.234</cy>
      <w>343.6455</w>
      <h>152.1204</h>
      <angle>1.020604</angle>
    </robndbox>
  </object>
</annotation>
