<annotation verified="no">
  <folder>greyscaled</folder>
  <filename>2022_03_05_14_26_31</filename>
  <path>D:\Academic files\thesis\Codes\Stair detection\greyscaled\2022_03_05_14_26_31.png</path>
  <source>
    <database>Unknown</database>
  </source>
  <size>
    <width>350</width>
    <height>400</height>
    <depth>1</depth>
  </size>
  <segmented>0</segmented>
  <object>
    <type>robndbox</type>
    <name>UpStair</name>
    <pose>Unspecified</pose>
    <truncated>0</truncated>
    <difficult>0</difficult>
    <robndbox>
      <cx>124.5179</cx>
      <cy>227.5363</cy>
      <w>173.7294</w>
      <h>146.7475</h>
      <angle>0.122829</angle>
    </robndbox>
  </object>
</annotation>
