<annotation verified="no">
  <folder>greyscaled</folder>
  <filename>2022_02_24_15_57_24</filename>
  <path>D:\Academic files\thesis\Codes\Stair detection\greyscaled\2022_02_24_15_57_24.bmp</path>
  <source>
    <database>Unknown</database>
  </source>
  <size>
    <width>350</width>
    <height>400</height>
    <depth>1</depth>
  </size>
  <segmented>0</segmented>
  <object>
    <type>robndbox</type>
    <name>UpStair</name>
    <pose>Unspecified</pose>
    <truncated>0</truncated>
    <difficult>0</difficult>
    <robndbox>
      <cx>84.4692</cx>
      <cy>285.0661</cy>
      <w>139.7655</w>
      <h>95.1261</h>
      <angle>2.871537</angle>
    </robndbox>
  </object>
</annotation>
