<annotation verified="no">
  <folder>greyscaled</folder>
  <filename>2022_02_27_14_53_09</filename>
  <path>D:\Academic files\thesis\Codes\Stair detection\greyscaled\2022_02_27_14_53_09.png</path>
  <source>
    <database>Unknown</database>
  </source>
  <size>
    <width>350</width>
    <height>400</height>
    <depth>1</depth>
  </size>
  <segmented>0</segmented>
  <object>
    <type>robndbox</type>
    <name>UpStair</name>
    <pose>Unspecified</pose>
    <truncated>0</truncated>
    <difficult>0</difficult>
    <robndbox>
      <cx>137.2664</cx>
      <cy>212.4865</cy>
      <w>194.8213</w>
      <h>205.627</h>
      <angle>2.627488</angle>
    </robndbox>
  </object>
</annotation>
