<annotation verified="no">
  <folder>greyscaled</folder>
  <filename>2022_03_05_14_42_39</filename>
  <path>D:\Academic files\thesis\Codes\Stair detection\greyscaled\2022_03_05_14_42_39.png</path>
  <source>
    <database>Unknown</database>
  </source>
  <size>
    <width>350</width>
    <height>400</height>
    <depth>1</depth>
  </size>
  <segmented>0</segmented>
  <object>
    <type>robndbox</type>
    <name>UpStair</name>
    <pose>Unspecified</pose>
    <truncated>0</truncated>
    <difficult>0</difficult>
    <robndbox>
      <cx>122.7592</cx>
      <cy>191.8781</cy>
      <w>101.2862</w>
      <h>245.0978</h>
      <angle>0.111985</angle>
    </robndbox>
  </object>
</annotation>
