<annotation verified="no">
  <folder>greyscaled</folder>
  <filename>2022_02_27_14_50_19</filename>
  <path>D:\Academic files\thesis\Codes\Stair detection\greyscaled\2022_02_27_14_50_19.png</path>
  <source>
    <database>Unknown</database>
  </source>
  <size>
    <width>350</width>
    <height>400</height>
    <depth>1</depth>
  </size>
  <segmented>0</segmented>
  <object>
    <type>robndbox</type>
    <name>UpStair</name>
    <pose>Unspecified</pose>
    <truncated>0</truncated>
    <difficult>0</difficult>
    <robndbox>
      <cx>67.3692</cx>
      <cy>314.5271</cy>
      <w>97.6632</w>
      <h>92.9559</h>
      <angle>0.797399</angle>
    </robndbox>
  </object>
</annotation>
