<annotation verified="no">
  <folder>greyscaled</folder>
  <filename>2022_02_27_14_53_43</filename>
  <path>D:\Academic files\thesis\Codes\Stair detection\greyscaled\2022_02_27_14_53_43.png</path>
  <source>
    <database>Unknown</database>
  </source>
  <size>
    <width>350</width>
    <height>400</height>
    <depth>1</depth>
  </size>
  <segmented>0</segmented>
  <object>
    <type>robndbox</type>
    <name>DownStair</name>
    <pose>Unspecified</pose>
    <truncated>0</truncated>
    <difficult>0</difficult>
    <robndbox>
      <cx>190.271</cx>
      <cy>259.9259</cy>
      <w>138.3878</w>
      <h>250.615</h>
      <angle>2.384048</angle>
    </robndbox>
  </object>
</annotation>
