<annotation verified="no">
  <folder>greyscaled</folder>
  <filename>2022_03_01_17_07_00</filename>
  <path>D:\Academic files\thesis\Codes\Stair detection\greyscaled\2022_03_01_17_07_00.png</path>
  <source>
    <database>Unknown</database>
  </source>
  <size>
    <width>350</width>
    <height>400</height>
    <depth>1</depth>
  </size>
  <segmented>0</segmented>
  <object>
    <type>robndbox</type>
    <name>UpStair</name>
    <pose>Unspecified</pose>
    <truncated>0</truncated>
    <difficult>0</difficult>
    <robndbox>
      <cx>141.9754</cx>
      <cy>158.0</cy>
      <w>210.2256</w>
      <h>260.1215</h>
      <angle>2.830379</angle>
    </robndbox>
  </object>
</annotation>
