<annotation verified="no">
  <folder>greyscaled</folder>
  <filename>2022_03_01_17_18_45</filename>
  <path>D:\Academic files\thesis\Codes\Stair detection\greyscaled\2022_03_01_17_18_45.png</path>
  <source>
    <database>Unknown</database>
  </source>
  <size>
    <width>350</width>
    <height>400</height>
    <depth>1</depth>
  </size>
  <segmented>0</segmented>
  <object>
    <type>robndbox</type>
    <name>UpStair</name>
    <pose>Unspecified</pose>
    <truncated>0</truncated>
    <difficult>0</difficult>
    <robndbox>
      <cx>272.3574</cx>
      <cy>302.6365</cy>
      <w>116.676</w>
      <h>99.4559</h>
      <angle>0.686979</angle>
    </robndbox>
  </object>
</annotation>
