<annotation verified="no">
  <folder>greyscaled</folder>
  <filename>2022_03_01_17_07_33</filename>
  <path>D:\Academic files\thesis\Codes\Stair detection\greyscaled\2022_03_01_17_07_33.png</path>
  <source>
    <database>Unknown</database>
  </source>
  <size>
    <width>350</width>
    <height>400</height>
    <depth>1</depth>
  </size>
  <segmented>0</segmented>
  <object>
    <type>robndbox</type>
    <name>UpStair</name>
    <pose>Unspecified</pose>
    <truncated>0</truncated>
    <difficult>0</difficult>
    <robndbox>
      <cx>94.7384</cx>
      <cy>292.5</cy>
      <w>129.9904</w>
      <h>134.6829</h>
      <angle>0.690699</angle>
    </robndbox>
  </object>
</annotation>
