<annotation verified="no">
  <folder>greyscaled</folder>
  <filename>2022_03_01_17_19_52</filename>
  <path>D:\Academic files\thesis\Codes\Stair detection\greyscaled\2022_03_01_17_19_52.png</path>
  <source>
    <database>Unknown</database>
  </source>
  <size>
    <width>350</width>
    <height>400</height>
    <depth>1</depth>
  </size>
  <segmented>0</segmented>
  <object>
    <type>robndbox</type>
    <name>UpStair</name>
    <pose>Unspecified</pose>
    <truncated>0</truncated>
    <difficult>0</difficult>
    <robndbox>
      <cx>200.6463</cx>
      <cy>169.9613</cy>
      <w>171.9753</w>
      <h>256.8726</h>
      <angle>0.696422</angle>
    </robndbox>
  </object>
</annotation>
