<annotation verified="no">
  <folder>greyscaled</folder>
  <filename>2022_02_26_15_57_50</filename>
  <path>D:\Academic files\thesis\Codes\Stair detection\greyscaled\2022_02_26_15_57_50.png</path>
  <source>
    <database>Unknown</database>
  </source>
  <size>
    <width>350</width>
    <height>400</height>
    <depth>1</depth>
  </size>
  <segmented>0</segmented>
  <object>
    <type>robndbox</type>
    <name>UpStair</name>
    <pose>Unspecified</pose>
    <truncated>0</truncated>
    <difficult>0</difficult>
    <robndbox>
      <cx>117.4968</cx>
      <cy>286.8238</cy>
      <w>184.444</w>
      <h>92.7566</h>
      <angle>2.005352</angle>
    </robndbox>
  </object>
</annotation>
