<annotation verified="no">
  <folder>greyscaled</folder>
  <filename>2022_02_27_14_56_44</filename>
  <path>D:\Academic files\thesis\Codes\Stair detection\greyscaled\2022_02_27_14_56_44.png</path>
  <source>
    <database>Unknown</database>
  </source>
  <size>
    <width>350</width>
    <height>400</height>
    <depth>1</depth>
  </size>
  <segmented>0</segmented>
  <object>
    <type>robndbox</type>
    <name>UpStair</name>
    <pose>Unspecified</pose>
    <truncated>0</truncated>
    <difficult>0</difficult>
    <robndbox>
      <cx>108.3948</cx>
      <cy>245.3825</cy>
      <w>113.1397</w>
      <h>268.5729</h>
      <angle>2.706212</angle>
    </robndbox>
  </object>
</annotation>
