<annotation verified="no">
  <folder>greyscaled</folder>
  <filename>2022_02_27_14_53_03</filename>
  <path>D:\Academic files\thesis\Codes\Stair detection\greyscaled\2022_02_27_14_53_03.png</path>
  <source>
    <database>Unknown</database>
  </source>
  <size>
    <width>350</width>
    <height>400</height>
    <depth>1</depth>
  </size>
  <segmented>0</segmented>
  <object>
    <type>robndbox</type>
    <name>UpStair</name>
    <pose>Unspecified</pose>
    <truncated>0</truncated>
    <difficult>0</difficult>
    <robndbox>
      <cx>154.0442</cx>
      <cy>180.0886</cy>
      <w>270.3271</w>
      <h>207.3112</h>
      <angle>0.18212</angle>
    </robndbox>
  </object>
</annotation>
