<annotation verified="no">
  <folder>greyscaled</folder>
  <filename>2022_02_27_14_56_56</filename>
  <path>D:\Academic files\thesis\Codes\Stair detection\greyscaled\2022_02_27_14_56_56.png</path>
  <source>
    <database>Unknown</database>
  </source>
  <size>
    <width>350</width>
    <height>400</height>
    <depth>1</depth>
  </size>
  <segmented>0</segmented>
  <object>
    <type>robndbox</type>
    <name>UpStair</name>
    <pose>Unspecified</pose>
    <truncated>0</truncated>
    <difficult>0</difficult>
    <robndbox>
      <cx>140.0361</cx>
      <cy>194.4984</cy>
      <w>143.3154</w>
      <h>249.1829</h>
      <angle>0.704646</angle>
    </robndbox>
  </object>
</annotation>
