<annotation verified="no">
  <folder>greyscaled</folder>
  <filename>2022_02_27_14_50_07</filename>
  <path>D:\Academic files\thesis\Codes\Stair detection\greyscaled\2022_02_27_14_50_07.png</path>
  <source>
    <database>Unknown</database>
  </source>
  <size>
    <width>350</width>
    <height>400</height>
    <depth>1</depth>
  </size>
  <segmented>0</segmented>
  <object>
    <type>robndbox</type>
    <name>DownStair</name>
    <pose>Unspecified</pose>
    <truncated>0</truncated>
    <difficult>0</difficult>
    <robndbox>
      <cx>129.2384</cx>
      <cy>264.5</cy>
      <w>129.5733</w>
      <h>219.5012</h>
      <angle>2.709867</angle>
    </robndbox>
  </object>
</annotation>
