<annotation verified="no">
  <folder>greyscaled</folder>
  <filename>2022_03_01_17_20_59</filename>
  <path>D:\Academic files\thesis\Codes\Stair detection\greyscaled\2022_03_01_17_20_59.png</path>
  <source>
    <database>Unknown</database>
  </source>
  <size>
    <width>350</width>
    <height>400</height>
    <depth>1</depth>
  </size>
  <segmented>0</segmented>
  <object>
    <type>robndbox</type>
    <name>UpStair</name>
    <pose>Unspecified</pose>
    <truncated>0</truncated>
    <difficult>0</difficult>
    <robndbox>
      <cx>186.1195</cx>
      <cy>192.4937</cy>
      <w>167.5542</w>
      <h>242.9735</h>
      <angle>0.682067</angle>
    </robndbox>
  </object>
</annotation>
