<annotation verified="no">
  <folder>greyscaled</folder>
  <filename>2022_03_01_17_33_53</filename>
  <path>D:\Academic files\thesis\Codes\Stair detection\greyscaled\2022_03_01_17_33_53.bmp</path>
  <source>
    <database>Unknown</database>
  </source>
  <size>
    <width>350</width>
    <height>400</height>
    <depth>1</depth>
  </size>
  <segmented>0</segmented>
  <object>
    <type>robndbox</type>
    <name>UpStair</name>
    <pose>Unspecified</pose>
    <truncated>0</truncated>
    <difficult>0</difficult>
    <robndbox>
      <cx>177.1396</cx>
      <cy>219.8267</cy>
      <w>247.8992</w>
      <h>232.5212</h>
      <angle>0.888128</angle>
    </robndbox>
  </object>
</annotation>
