<annotation verified="no">
  <folder>greyscaled</folder>
  <filename>2022_03_01_17_09_34</filename>
  <path>D:\Academic files\thesis\Codes\Stair detection\greyscaled\2022_03_01_17_09_34.png</path>
  <source>
    <database>Unknown</database>
  </source>
  <size>
    <width>350</width>
    <height>400</height>
    <depth>1</depth>
  </size>
  <segmented>0</segmented>
  <object>
    <type>robndbox</type>
    <name>UpStair</name>
    <pose>Unspecified</pose>
    <truncated>0</truncated>
    <difficult>0</difficult>
    <robndbox>
      <cx>188.3211</cx>
      <cy>224.973</cy>
      <w>220.9344</w>
      <h>220.4145</h>
      <angle>2.6976</angle>
    </robndbox>
  </object>
</annotation>
