<annotation verified="no">
  <folder>greyscaled</folder>
  <filename>2022_03_01_17_11_43</filename>
  <path>D:\Academic files\thesis\Codes\Stair detection\greyscaled\2022_03_01_17_11_43.png</path>
  <source>
    <database>Unknown</database>
  </source>
  <size>
    <width>350</width>
    <height>400</height>
    <depth>1</depth>
  </size>
  <segmented>0</segmented>
  <object>
    <type>robndbox</type>
    <name>UpStair</name>
    <pose>Unspecified</pose>
    <truncated>0</truncated>
    <difficult>0</difficult>
    <robndbox>
      <cx>142.3371</cx>
      <cy>275.2548</cy>
      <w>260.7528</w>
      <h>124.8654</h>
      <angle>0.263673</angle>
    </robndbox>
  </object>
</annotation>
