<annotation verified="no">
  <folder>greyscaled</folder>
  <filename>2022_02_22_13_39_13</filename>
  <path>D:\Academic files\thesis\Codes\Stair detection\greyscaled\2022_02_22_13_39_13.bmp</path>
  <source>
    <database>Unknown</database>
  </source>
  <size>
    <width>350</width>
    <height>400</height>
    <depth>1</depth>
  </size>
  <segmented>0</segmented>
  <object>
    <type>robndbox</type>
    <name>UpStair</name>
    <pose>Unspecified</pose>
    <truncated>0</truncated>
    <difficult>0</difficult>
    <robndbox>
      <cx>166.3436</cx>
      <cy>194.6053</cy>
      <w>176.6002</w>
      <h>221.7198</h>
      <angle>2.50649</angle>
    </robndbox>
  </object>
</annotation>
