<annotation verified="no">
  <folder>greyscaled</folder>
  <filename>2022_02_22_13_49_05</filename>
  <path>D:\Academic files\thesis\Codes\Stair detection\greyscaled\2022_02_22_13_49_05.bmp</path>
  <source>
    <database>Unknown</database>
  </source>
  <size>
    <width>350</width>
    <height>400</height>
    <depth>1</depth>
  </size>
  <segmented>0</segmented>
  <object>
    <type>robndbox</type>
    <name>UpStair</name>
    <pose>Unspecified</pose>
    <truncated>0</truncated>
    <difficult>0</difficult>
    <robndbox>
      <cx>126.829</cx>
      <cy>293.7129</cy>
      <w>117.7464</w>
      <h>67.1032</h>
      <angle>1.118446</angle>
    </robndbox>
  </object>
</annotation>
