<annotation verified="no">
  <folder>greyscaled</folder>
  <filename>2022_03_01_17_33_59</filename>
  <path>D:\Academic files\thesis\Codes\Stair detection\greyscaled\2022_03_01_17_33_59.png</path>
  <source>
    <database>Unknown</database>
  </source>
  <size>
    <width>350</width>
    <height>400</height>
    <depth>1</depth>
  </size>
  <segmented>0</segmented>
  <object>
    <type>robndbox</type>
    <name>UpStair</name>
    <pose>Unspecified</pose>
    <truncated>0</truncated>
    <difficult>0</difficult>
    <robndbox>
      <cx>188.1137</cx>
      <cy>213.1166</cy>
      <w>229.0296</w>
      <h>297.8412</h>
      <angle>0.30009</angle>
    </robndbox>
  </object>
</annotation>
