<annotation verified="no">
  <folder>greyscaled</folder>
  <filename>2022_03_05_14_31_50</filename>
  <path>D:\Academic files\thesis\Codes\Stair detection\greyscaled\2022_03_05_14_31_50.bmp</path>
  <source>
    <database>Unknown</database>
  </source>
  <size>
    <width>350</width>
    <height>400</height>
    <depth>1</depth>
  </size>
  <segmented>0</segmented>
  <object>
    <type>robndbox</type>
    <name>UpStair</name>
    <pose>Unspecified</pose>
    <truncated>0</truncated>
    <difficult>0</difficult>
    <robndbox>
      <cx>78.8692</cx>
      <cy>281.4221</cy>
      <w>136.5123</w>
      <h>83.4651</h>
      <angle>2.424258</angle>
    </robndbox>
  </object>
</annotation>
