<annotation verified="no">
  <folder>greyscaled</folder>
  <filename>2022_03_05_14_37_00</filename>
  <path>D:\Academic files\thesis\Codes\Stair detection\greyscaled\2022_03_05_14_37_00.png</path>
  <source>
    <database>Unknown</database>
  </source>
  <size>
    <width>350</width>
    <height>400</height>
    <depth>1</depth>
  </size>
  <segmented>0</segmented>
  <object>
    <type>robndbox</type>
    <name>UpStair</name>
    <pose>Unspecified</pose>
    <truncated>0</truncated>
    <difficult>0</difficult>
    <robndbox>
      <cx>106.0575</cx>
      <cy>303.8457</cy>
      <w>128.7519</w>
      <h>92.6812</h>
      <angle>2.808426</angle>
    </robndbox>
  </object>
</annotation>
