<annotation verified="no">
  <folder>greyscaled</folder>
  <filename>2022_03_05_14_31_37</filename>
  <path>D:\Academic files\thesis\Codes\Stair detection\greyscaled\2022_03_05_14_31_37.png</path>
  <source>
    <database>Unknown</database>
  </source>
  <size>
    <width>350</width>
    <height>400</height>
    <depth>1</depth>
  </size>
  <segmented>0</segmented>
  <object>
    <type>robndbox</type>
    <name>UpStair</name>
    <pose>Unspecified</pose>
    <truncated>0</truncated>
    <difficult>0</difficult>
    <robndbox>
      <cx>109.0603</cx>
      <cy>281.3147</cy>
      <w>182.4387</w>
      <h>120.8426</h>
      <angle>2.637141</angle>
    </robndbox>
  </object>
</annotation>
