<annotation verified="no">
  <folder>greyscaled</folder>
  <filename>2022_03_01_17_19_47</filename>
  <path>D:\Academic files\thesis\Codes\Stair detection\greyscaled\2022_03_01_17_19_47.png</path>
  <source>
    <database>Unknown</database>
  </source>
  <size>
    <width>350</width>
    <height>400</height>
    <depth>1</depth>
  </size>
  <segmented>0</segmented>
  <object>
    <type>robndbox</type>
    <name>UpStair</name>
    <pose>Unspecified</pose>
    <truncated>0</truncated>
    <difficult>0</difficult>
    <robndbox>
      <cx>86.6391</cx>
      <cy>170.6727</cy>
      <w>130.9043</w>
      <h>273.3241</h>
      <angle>2.981987</angle>
    </robndbox>
  </object>
</annotation>
