<annotation verified="no">
  <folder>greyscaled</folder>
  <filename>2022_02_27_14_51_59</filename>
  <path>D:\Academic files\thesis\Codes\Stair detection\greyscaled\2022_02_27_14_51_59.png</path>
  <source>
    <database>Unknown</database>
  </source>
  <size>
    <width>350</width>
    <height>400</height>
    <depth>1</depth>
  </size>
  <segmented>0</segmented>
  <object>
    <type>robndbox</type>
    <name>UpStair</name>
    <pose>Unspecified</pose>
    <truncated>0</truncated>
    <difficult>0</difficult>
    <robndbox>
      <cx>151.5583</cx>
      <cy>178.6268</cy>
      <w>268.2631</w>
      <h>145.4954</h>
      <angle>2.760949</angle>
    </robndbox>
  </object>
</annotation>
