<annotation verified="no">
  <folder>greyscaled</folder>
  <filename>2022_03_05_14_37_55</filename>
  <path>D:\Academic files\thesis\Codes\Stair detection\greyscaled\2022_03_05_14_37_55.png</path>
  <source>
    <database>Unknown</database>
  </source>
  <size>
    <width>350</width>
    <height>400</height>
    <depth>1</depth>
  </size>
  <segmented>0</segmented>
  <object>
    <type>robndbox</type>
    <name>UpStair</name>
    <pose>Unspecified</pose>
    <truncated>0</truncated>
    <difficult>0</difficult>
    <robndbox>
      <cx>90.8219</cx>
      <cy>256.1205</cy>
      <w>90.095</w>
      <h>148.5011</h>
      <angle>0.808768</angle>
    </robndbox>
  </object>
</annotation>
