<annotation verified="no">
  <folder>greyscaled</folder>
  <filename>2022_02_24_15_44_14</filename>
  <path>D:\Academic files\thesis\Codes\Stair detection\greyscaled\2022_02_24_15_44_14.bmp</path>
  <source>
    <database>Unknown</database>
  </source>
  <size>
    <width>350</width>
    <height>400</height>
    <depth>1</depth>
  </size>
  <segmented>0</segmented>
  <object>
    <type>robndbox</type>
    <name>UpStair</name>
    <pose>Unspecified</pose>
    <truncated>0</truncated>
    <difficult>0</difficult>
    <robndbox>
      <cx>166.0392</cx>
      <cy>227.5569</cy>
      <w>125.5487</w>
      <h>135.5738</h>
      <angle>0.308152</angle>
    </robndbox>
  </object>
</annotation>
