<annotation verified="no">
  <folder>greyscaled</folder>
  <filename>2022_02_27_14_59_59</filename>
  <path>D:\Academic files\thesis\Codes\Stair detection\greyscaled\2022_02_27_14_59_59.png</path>
  <source>
    <database>Unknown</database>
  </source>
  <size>
    <width>350</width>
    <height>400</height>
    <depth>1</depth>
  </size>
  <segmented>0</segmented>
  <object>
    <type>robndbox</type>
    <name>UpStair</name>
    <pose>Unspecified</pose>
    <truncated>0</truncated>
    <difficult>0</difficult>
    <robndbox>
      <cx>89.7819</cx>
      <cy>187.8568</cy>
      <w>117.3497</w>
      <h>323.3648</h>
      <angle>2.940535</angle>
    </robndbox>
  </object>
</annotation>
