<annotation verified="no">
  <folder>greyscaled</folder>
  <filename>2022_02_27_15_09_05</filename>
  <path>D:\Academic files\thesis\Codes\Stair detection\greyscaled\2022_02_27_15_09_05.png</path>
  <source>
    <database>Unknown</database>
  </source>
  <size>
    <width>350</width>
    <height>400</height>
    <depth>1</depth>
  </size>
  <segmented>0</segmented>
  <object>
    <type>robndbox</type>
    <name>UpStair</name>
    <pose>Unspecified</pose>
    <truncated>0</truncated>
    <difficult>0</difficult>
    <robndbox>
      <cx>249.3873</cx>
      <cy>215.8976</cy>
      <w>112.1979</w>
      <h>276.7391</h>
      <angle>0.07007</angle>
    </robndbox>
  </object>
</annotation>
