<annotation verified="no">
  <folder>greyscaled</folder>
  <filename>2022_02_27_14_43_58</filename>
  <path>D:\Academic files\thesis\Codes\Stair detection\greyscaled\2022_02_27_14_43_58.png</path>
  <source>
    <database>Unknown</database>
  </source>
  <size>
    <width>350</width>
    <height>400</height>
    <depth>1</depth>
  </size>
  <segmented>0</segmented>
  <object>
    <type>robndbox</type>
    <name>UpStair</name>
    <pose>Unspecified</pose>
    <truncated>0</truncated>
    <difficult>0</difficult>
    <robndbox>
      <cx>56.7949</cx>
      <cy>179.8262</cy>
      <w>93.955</w>
      <h>255.0941</h>
      <angle>3.063418</angle>
    </robndbox>
  </object>
</annotation>
