<annotation verified="no">
  <folder>greyscaled</folder>
  <filename>2022_02_26_15_55_34</filename>
  <path>D:\Academic files\thesis\Codes\Stair detection\greyscaled\2022_02_26_15_55_34.png</path>
  <source>
    <database>Unknown</database>
  </source>
  <size>
    <width>350</width>
    <height>400</height>
    <depth>1</depth>
  </size>
  <segmented>0</segmented>
  <object>
    <type>robndbox</type>
    <name>UpStair</name>
    <pose>Unspecified</pose>
    <truncated>0</truncated>
    <difficult>0</difficult>
    <robndbox>
      <cx>120.9486</cx>
      <cy>223.6713</cy>
      <w>158.0517</w>
      <h>93.4793</h>
      <angle>2.32502</angle>
    </robndbox>
  </object>
</annotation>
