<annotation verified="no">
  <folder>greyscaled</folder>
  <filename>2022_03_01_17_25_18</filename>
  <path>D:\Academic files\thesis\Codes\Stair detection\greyscaled\2022_03_01_17_25_18.png</path>
  <source>
    <database>Unknown</database>
  </source>
  <size>
    <width>350</width>
    <height>400</height>
    <depth>1</depth>
  </size>
  <segmented>0</segmented>
  <object>
    <type>robndbox</type>
    <name>DownStair</name>
    <pose>Unspecified</pose>
    <truncated>0</truncated>
    <difficult>0</difficult>
    <robndbox>
      <cx>182.4368</cx>
      <cy>279.4712</cy>
      <w>275.6983</w>
      <h>176.1287</h>
      <angle>3.040931</angle>
    </robndbox>
  </object>
</annotation>
