<annotation verified="no">
  <folder>greyscaled</folder>
  <filename>2022_03_05_14_39_41</filename>
  <path>D:\Academic files\thesis\Codes\Stair detection\greyscaled\2022_03_05_14_39_41.png</path>
  <source>
    <database>Unknown</database>
  </source>
  <size>
    <width>350</width>
    <height>400</height>
    <depth>1</depth>
  </size>
  <segmented>0</segmented>
  <object>
    <type>robndbox</type>
    <name>UpStair</name>
    <pose>Unspecified</pose>
    <truncated>0</truncated>
    <difficult>0</difficult>
    <robndbox>
      <cx>208.8451</cx>
      <cy>270.805</cy>
      <w>186.9596</w>
      <h>187.458</h>
      <angle>0.532046</angle>
    </robndbox>
  </object>
</annotation>
