<annotation verified="no">
  <folder>greyscaled</folder>
  <filename>2022_02_26_16_27_02</filename>
  <path>D:\Academic files\thesis\Codes\Stair detection\greyscaled\2022_02_26_16_27_02.png</path>
  <source>
    <database>Unknown</database>
  </source>
  <size>
    <width>350</width>
    <height>400</height>
    <depth>1</depth>
  </size>
  <segmented>0</segmented>
  <object>
    <type>robndbox</type>
    <name>UpStair</name>
    <pose>Unspecified</pose>
    <truncated>0</truncated>
    <difficult>0</difficult>
    <robndbox>
      <cx>135.6092</cx>
      <cy>228.0994</cy>
      <w>106.5953</w>
      <h>179.0088</h>
      <angle>3.060059</angle>
    </robndbox>
  </object>
</annotation>
