<annotation verified="no">
  <folder>greyscaled</folder>
  <filename>2022_03_05_14_47_26</filename>
  <path>D:\Academic files\thesis\Codes\Stair detection\greyscaled\2022_03_05_14_47_26.png</path>
  <source>
    <database>Unknown</database>
  </source>
  <size>
    <width>350</width>
    <height>400</height>
    <depth>1</depth>
  </size>
  <segmented>0</segmented>
  <object>
    <type>robndbox</type>
    <name>UpStair</name>
    <pose>Unspecified</pose>
    <truncated>0</truncated>
    <difficult>0</difficult>
    <robndbox>
      <cx>65.9417</cx>
      <cy>299.6389</cy>
      <w>61.5747</w>
      <h>138.42</h>
      <angle>2.696189</angle>
    </robndbox>
  </object>
</annotation>
