<annotation verified="no">
  <folder>greyscaled</folder>
  <filename>2022_02_27_14_52_49</filename>
  <path>D:\Academic files\thesis\Codes\Stair detection\greyscaled\2022_02_27_14_52_49.png</path>
  <source>
    <database>Unknown</database>
  </source>
  <size>
    <width>350</width>
    <height>400</height>
    <depth>1</depth>
  </size>
  <segmented>0</segmented>
  <object>
    <type>robndbox</type>
    <name>DownStair</name>
    <pose>Unspecified</pose>
    <truncated>0</truncated>
    <difficult>0</difficult>
    <robndbox>
      <cx>126.5456</cx>
      <cy>255.874</cy>
      <w>192.707</w>
      <h>219.0859</h>
      <angle>2.813048</angle>
    </robndbox>
  </object>
</annotation>
