<annotation verified="no">
  <folder>greyscaled</folder>
  <filename>2022_03_01_17_29_32</filename>
  <path>D:\Academic files\thesis\Codes\Stair detection\greyscaled\2022_03_01_17_29_32.png</path>
  <source>
    <database>Unknown</database>
  </source>
  <size>
    <width>350</width>
    <height>400</height>
    <depth>1</depth>
  </size>
  <segmented>0</segmented>
  <object>
    <type>robndbox</type>
    <name>DownStair</name>
    <pose>Unspecified</pose>
    <truncated>0</truncated>
    <difficult>0</difficult>
    <robndbox>
      <cx>221.3546</cx>
      <cy>269.9981</cy>
      <w>203.8059</w>
      <h>202.8121</h>
      <angle>0.304909</angle>
    </robndbox>
  </object>
</annotation>
