<annotation verified="no">
  <folder>greyscaled</folder>
  <filename>2022_03_01_17_20_08</filename>
  <path>D:\Academic files\thesis\Codes\Stair detection\greyscaled\2022_03_01_17_20_08.png</path>
  <source>
    <database>Unknown</database>
  </source>
  <size>
    <width>350</width>
    <height>400</height>
    <depth>1</depth>
  </size>
  <segmented>0</segmented>
  <object>
    <type>robndbox</type>
    <name>UpStair</name>
    <pose>Unspecified</pose>
    <truncated>0</truncated>
    <difficult>0</difficult>
    <robndbox>
      <cx>202.308</cx>
      <cy>229.6024</cy>
      <w>179.1521</w>
      <h>171.0756</h>
      <angle>2.57753</angle>
    </robndbox>
  </object>
</annotation>
