<annotation verified="no">
  <folder>greyscaled</folder>
  <filename>2022_02_27_15_09_12</filename>
  <path>D:\Academic files\thesis\Codes\Stair detection\greyscaled\2022_02_27_15_09_12.png</path>
  <source>
    <database>Unknown</database>
  </source>
  <size>
    <width>350</width>
    <height>400</height>
    <depth>1</depth>
  </size>
  <segmented>0</segmented>
  <object>
    <type>robndbox</type>
    <name>UpStair</name>
    <pose>Unspecified</pose>
    <truncated>0</truncated>
    <difficult>0</difficult>
    <robndbox>
      <cx>238.6492</cx>
      <cy>201.9602</cy>
      <w>103.418</w>
      <h>207.7713</h>
      <angle>0.469695</angle>
    </robndbox>
  </object>
</annotation>
