<annotation verified="no">
  <folder>greyscaled</folder>
  <filename>2022_02_26_16_28_09</filename>
  <path>D:\Academic files\thesis\Codes\Stair detection\greyscaled\2022_02_26_16_28_09.png</path>
  <source>
    <database>Unknown</database>
  </source>
  <size>
    <width>350</width>
    <height>400</height>
    <depth>1</depth>
  </size>
  <segmented>0</segmented>
  <object>
    <type>robndbox</type>
    <name>UpStair</name>
    <pose>Unspecified</pose>
    <truncated>0</truncated>
    <difficult>0</difficult>
    <robndbox>
      <cx>94.4723</cx>
      <cy>169.7241</cy>
      <w>130.6483</w>
      <h>196.6806</h>
      <angle>0.300697</angle>
    </robndbox>
  </object>
</annotation>
