<annotation verified="no">
  <folder>greyscaled</folder>
  <filename>2022_02_24_15_41_36</filename>
  <path>D:\Academic files\thesis\Codes\Stair detection\greyscaled\2022_02_24_15_41_36.bmp</path>
  <source>
    <database>Unknown</database>
  </source>
  <size>
    <width>350</width>
    <height>400</height>
    <depth>1</depth>
  </size>
  <segmented>0</segmented>
  <object>
    <type>robndbox</type>
    <name>UpStair</name>
    <pose>Unspecified</pose>
    <truncated>0</truncated>
    <difficult>0</difficult>
    <robndbox>
      <cx>68.6029</cx>
      <cy>206.0416</cy>
      <w>90.0263</w>
      <h>257.0818</h>
      <angle>3.020344</angle>
    </robndbox>
  </object>
</annotation>
