<annotation verified="no">
  <folder>greyscaled</folder>
  <filename>2022_03_01_17_17_02</filename>
  <path>D:\Academic files\thesis\Codes\Stair detection\greyscaled\2022_03_01_17_17_02.png</path>
  <source>
    <database>Unknown</database>
  </source>
  <size>
    <width>350</width>
    <height>400</height>
    <depth>1</depth>
  </size>
  <segmented>0</segmented>
  <object>
    <type>robndbox</type>
    <name>DownStair</name>
    <pose>Unspecified</pose>
    <truncated>0</truncated>
    <difficult>0</difficult>
    <robndbox>
      <cx>211.6833</cx>
      <cy>261.6309</cy>
      <w>175.3383</w>
      <h>193.105</h>
      <angle>2.773512</angle>
    </robndbox>
  </object>
</annotation>
