<annotation verified="no">
  <folder>greyscaled</folder>
  <filename>2022_03_05_14_42_08</filename>
  <path>D:\Academic files\thesis\Codes\Stair detection\greyscaled\2022_03_05_14_42_08.png</path>
  <source>
    <database>Unknown</database>
  </source>
  <size>
    <width>350</width>
    <height>400</height>
    <depth>1</depth>
  </size>
  <segmented>0</segmented>
  <object>
    <type>robndbox</type>
    <name>UpStair</name>
    <pose>Unspecified</pose>
    <truncated>0</truncated>
    <difficult>0</difficult>
    <robndbox>
      <cx>80.3804</cx>
      <cy>167.3859</cy>
      <w>124.5187</w>
      <h>265.9625</h>
      <angle>3.048449</angle>
    </robndbox>
  </object>
</annotation>
