<annotation verified="no">
  <folder>greyscaled</folder>
  <filename>2022_03_05_14_36_03</filename>
  <path>D:\Academic files\thesis\Codes\Stair detection\greyscaled\2022_03_05_14_36_03.png</path>
  <source>
    <database>Unknown</database>
  </source>
  <size>
    <width>350</width>
    <height>400</height>
    <depth>1</depth>
  </size>
  <segmented>0</segmented>
  <object>
    <type>robndbox</type>
    <name>UpStair</name>
    <pose>Unspecified</pose>
    <truncated>0</truncated>
    <difficult>0</difficult>
    <robndbox>
      <cx>105.017</cx>
      <cy>254.3622</cy>
      <w>277.695</w>
      <h>91.317</h>
      <angle>1.113776</angle>
    </robndbox>
  </object>
</annotation>
