<annotation verified="no">
  <folder>greyscaled</folder>
  <filename>2022_02_27_14_51_38</filename>
  <path>D:\Academic files\thesis\Codes\Stair detection\greyscaled\2022_02_27_14_51_38.png</path>
  <source>
    <database>Unknown</database>
  </source>
  <size>
    <width>350</width>
    <height>400</height>
    <depth>1</depth>
  </size>
  <segmented>0</segmented>
  <object>
    <type>robndbox</type>
    <name>UpStair</name>
    <pose>Unspecified</pose>
    <truncated>0</truncated>
    <difficult>0</difficult>
    <robndbox>
      <cx>140.0459</cx>
      <cy>232.6669</cy>
      <w>205.2928</w>
      <h>135.9277</h>
      <angle>2.661871</angle>
    </robndbox>
  </object>
</annotation>
