<annotation verified="no">
  <folder>greyscaled</folder>
  <filename>2022_03_05_14_37_30</filename>
  <path>D:\Academic files\thesis\Codes\Stair detection\greyscaled\2022_03_05_14_37_30.png</path>
  <source>
    <database>Unknown</database>
  </source>
  <size>
    <width>350</width>
    <height>400</height>
    <depth>1</depth>
  </size>
  <segmented>0</segmented>
  <object>
    <type>robndbox</type>
    <name>DownStair</name>
    <pose>Unspecified</pose>
    <truncated>0</truncated>
    <difficult>0</difficult>
    <robndbox>
      <cx>169.5007</cx>
      <cy>124.4798</cy>
      <w>268.5891</w>
      <h>123.5292</h>
      <angle>0.128942</angle>
    </robndbox>
  </object>
</annotation>
