<annotation verified="no">
  <folder>greyscaled</folder>
  <filename>2022_02_27_14_52_07</filename>
  <path>D:\Academic files\thesis\Codes\Stair detection\greyscaled\2022_02_27_14_52_07.png</path>
  <source>
    <database>Unknown</database>
  </source>
  <size>
    <width>350</width>
    <height>400</height>
    <depth>1</depth>
  </size>
  <segmented>0</segmented>
  <object>
    <type>robndbox</type>
    <name>UpStair</name>
    <pose>Unspecified</pose>
    <truncated>0</truncated>
    <difficult>0</difficult>
    <robndbox>
      <cx>233.2046</cx>
      <cy>264.3785</cy>
      <w>221.1482</w>
      <h>73.5905</h>
      <angle>0.326572</angle>
    </robndbox>
  </object>
</annotation>
