<annotation verified="no">
  <folder>greyscaled</folder>
  <filename>2022_03_01_17_21_57</filename>
  <path>D:\Academic files\thesis\Codes\Stair detection\greyscaled\2022_03_01_17_21_57.png</path>
  <source>
    <database>Unknown</database>
  </source>
  <size>
    <width>350</width>
    <height>400</height>
    <depth>1</depth>
  </size>
  <segmented>0</segmented>
  <object>
    <type>robndbox</type>
    <name>DownStair</name>
    <pose>Unspecified</pose>
    <truncated>0</truncated>
    <difficult>0</difficult>
    <robndbox>
      <cx>156.3692</cx>
      <cy>266.9826</cy>
      <w>270.9614</w>
      <h>146.0652</h>
      <angle>0.122136</angle>
    </robndbox>
  </object>
</annotation>
