<annotation verified="no">
  <folder>greyscaled</folder>
  <filename>2022_02_27_14_47_02</filename>
  <path>D:\Academic files\thesis\Codes\Stair detection\greyscaled\2022_02_27_14_47_02.png</path>
  <source>
    <database>Unknown</database>
  </source>
  <size>
    <width>350</width>
    <height>400</height>
    <depth>1</depth>
  </size>
  <segmented>0</segmented>
  <object>
    <type>robndbox</type>
    <name>UpStair</name>
    <pose>Unspecified</pose>
    <truncated>0</truncated>
    <difficult>0</difficult>
    <robndbox>
      <cx>79.3692</cx>
      <cy>217.797</cy>
      <w>130.0762</w>
      <h>214.6434</h>
      <angle>3.001681</angle>
    </robndbox>
  </object>
</annotation>
