<annotation verified="no">
  <folder>greyscaled</folder>
  <filename>2022_02_24_16_01_36</filename>
  <path>D:\Academic files\thesis\Codes\Stair detection\greyscaled\2022_02_24_16_01_36.bmp</path>
  <source>
    <database>Unknown</database>
  </source>
  <size>
    <width>350</width>
    <height>400</height>
    <depth>1</depth>
  </size>
  <segmented>0</segmented>
  <object>
    <type>robndbox</type>
    <name>UpStair</name>
    <pose>Unspecified</pose>
    <truncated>0</truncated>
    <difficult>0</difficult>
    <robndbox>
      <cx>95.4489</cx>
      <cy>151.0837</cy>
      <w>119.6024</w>
      <h>221.9757</h>
      <angle>2.969845</angle>
    </robndbox>
  </object>
</annotation>
