<annotation verified="no">
  <folder>greyscaled</folder>
  <filename>2022_03_01_17_16_17</filename>
  <path>D:\Academic files\thesis\Codes\Stair detection\greyscaled\2022_03_01_17_16_17.png</path>
  <source>
    <database>Unknown</database>
  </source>
  <size>
    <width>350</width>
    <height>400</height>
    <depth>1</depth>
  </size>
  <segmented>0</segmented>
  <object>
    <type>robndbox</type>
    <name>DownStair</name>
    <pose>Unspecified</pose>
    <truncated>0</truncated>
    <difficult>0</difficult>
    <robndbox>
      <cx>234.7156</cx>
      <cy>276.5329</cy>
      <w>120.528</w>
      <h>193.1695</h>
      <angle>2.501463</angle>
    </robndbox>
  </object>
</annotation>
