<annotation verified="no">
  <folder>greyscaled</folder>
  <filename>2022_03_01_17_31_39</filename>
  <path>D:\Academic files\thesis\Codes\Stair detection\greyscaled\2022_03_01_17_31_39.bmp</path>
  <source>
    <database>Unknown</database>
  </source>
  <size>
    <width>350</width>
    <height>400</height>
    <depth>1</depth>
  </size>
  <segmented>0</segmented>
  <object>
    <type>robndbox</type>
    <name>UpStair</name>
    <pose>Unspecified</pose>
    <truncated>0</truncated>
    <difficult>0</difficult>
    <robndbox>
      <cx>147.0436</cx>
      <cy>188.4791</cy>
      <w>210.8256</w>
      <h>157.302</h>
      <angle>0.976618</angle>
    </robndbox>
  </object>
</annotation>
