<annotation verified="no">
  <folder>greyscaled</folder>
  <filename>2022_02_27_14_55_12</filename>
  <path>D:\Academic files\thesis\Codes\Stair detection\greyscaled\2022_02_27_14_55_12.png</path>
  <source>
    <database>Unknown</database>
  </source>
  <size>
    <width>350</width>
    <height>400</height>
    <depth>1</depth>
  </size>
  <segmented>0</segmented>
  <object>
    <type>robndbox</type>
    <name>DownStair</name>
    <pose>Unspecified</pose>
    <truncated>0</truncated>
    <difficult>0</difficult>
    <robndbox>
      <cx>196.0953</cx>
      <cy>295.675</cy>
      <w>181.6473</w>
      <h>141.7683</h>
      <angle>2.950319</angle>
    </robndbox>
  </object>
</annotation>
