<annotation verified="no">
  <folder>greyscaled</folder>
  <filename>2022_03_05_14_31_42</filename>
  <path>D:\Academic files\thesis\Codes\Stair detection\greyscaled\2022_03_05_14_31_42.bmp</path>
  <source>
    <database>Unknown</database>
  </source>
  <size>
    <width>350</width>
    <height>400</height>
    <depth>1</depth>
  </size>
  <segmented>0</segmented>
  <object>
    <type>robndbox</type>
    <name>UpStair</name>
    <pose>Unspecified</pose>
    <truncated>0</truncated>
    <difficult>0</difficult>
    <robndbox>
      <cx>87.6286</cx>
      <cy>279.262</cy>
      <w>210.9114</w>
      <h>70.8148</h>
      <angle>1.057953</angle>
    </robndbox>
  </object>
</annotation>
