<annotation verified="no">
  <folder>greyscaled</folder>
  <filename>2022_03_05_14_32_48</filename>
  <path>D:\Academic files\thesis\Codes\Stair detection\greyscaled\2022_03_05_14_32_48.png</path>
  <source>
    <database>Unknown</database>
  </source>
  <size>
    <width>350</width>
    <height>400</height>
    <depth>1</depth>
  </size>
  <segmented>0</segmented>
  <object>
    <type>robndbox</type>
    <name>DownStair</name>
    <pose>Unspecified</pose>
    <truncated>0</truncated>
    <difficult>0</difficult>
    <robndbox>
      <cx>169.2838</cx>
      <cy>245.1621</cy>
      <w>166.7773</w>
      <h>188.9492</h>
      <angle>0.761533</angle>
    </robndbox>
  </object>
</annotation>
