<annotation verified="no">
  <folder>greyscaled</folder>
  <filename>2022_03_01_17_07_39</filename>
  <path>D:\Academic files\thesis\Codes\Stair detection\greyscaled\2022_03_01_17_07_39.png</path>
  <source>
    <database>Unknown</database>
  </source>
  <size>
    <width>350</width>
    <height>400</height>
    <depth>1</depth>
  </size>
  <segmented>0</segmented>
  <object>
    <type>robndbox</type>
    <name>UpStair</name>
    <pose>Unspecified</pose>
    <truncated>0</truncated>
    <difficult>0</difficult>
    <robndbox>
      <cx>234.933</cx>
      <cy>300.3389</cy>
      <w>193.2061</w>
      <h>103.8047</h>
      <angle>2.794596</angle>
    </robndbox>
  </object>
</annotation>
