<annotation verified="no">
  <folder>greyscaled</folder>
  <filename>2022_02_27_14_48_54</filename>
  <path>D:\Academic files\thesis\Codes\Stair detection\greyscaled\2022_02_27_14_48_54.png</path>
  <source>
    <database>Unknown</database>
  </source>
  <size>
    <width>350</width>
    <height>400</height>
    <depth>1</depth>
  </size>
  <segmented>0</segmented>
  <object>
    <type>robndbox</type>
    <name>UpStair</name>
    <pose>Unspecified</pose>
    <truncated>0</truncated>
    <difficult>0</difficult>
    <robndbox>
      <cx>245.3692</cx>
      <cy>286.0995</cy>
      <w>190.404</w>
      <h>81.9643</h>
      <angle>2.716757</angle>
    </robndbox>
  </object>
</annotation>
