<annotation verified="no">
  <folder>greyscaled</folder>
  <filename>2022_02_27_15_02_09</filename>
  <path>D:\Academic files\thesis\Codes\Stair detection\greyscaled\2022_02_27_15_02_09.png</path>
  <source>
    <database>Unknown</database>
  </source>
  <size>
    <width>350</width>
    <height>400</height>
    <depth>1</depth>
  </size>
  <segmented>0</segmented>
  <object>
    <type>robndbox</type>
    <name>UpStair</name>
    <pose>Unspecified</pose>
    <truncated>0</truncated>
    <difficult>0</difficult>
    <robndbox>
      <cx>176.2384</cx>
      <cy>205.0</cy>
      <w>235.1703</w>
      <h>342.0584</h>
      <angle>0.232973</angle>
    </robndbox>
  </object>
</annotation>
