<annotation verified="no">
  <folder>greyscaled</folder>
  <filename>2022_03_01_17_20_18</filename>
  <path>D:\Academic files\thesis\Codes\Stair detection\greyscaled\2022_03_01_17_20_18.png</path>
  <source>
    <database>Unknown</database>
  </source>
  <size>
    <width>350</width>
    <height>400</height>
    <depth>1</depth>
  </size>
  <segmented>0</segmented>
  <object>
    <type>robndbox</type>
    <name>DownStair</name>
    <pose>Unspecified</pose>
    <truncated>0</truncated>
    <difficult>0</difficult>
    <robndbox>
      <cx>206.0003</cx>
      <cy>262.1318</cy>
      <w>187.1122</w>
      <h>234.2862</h>
      <angle>2.87922</angle>
    </robndbox>
  </object>
</annotation>
