<annotation verified="no">
  <folder>greyscaled</folder>
  <filename>2022_02_27_14_57_46</filename>
  <path>D:\Academic files\thesis\Codes\Stair detection\greyscaled\2022_02_27_14_57_46.png</path>
  <source>
    <database>Unknown</database>
  </source>
  <size>
    <width>350</width>
    <height>400</height>
    <depth>1</depth>
  </size>
  <segmented>0</segmented>
  <object>
    <type>robndbox</type>
    <name>UpStair</name>
    <pose>Unspecified</pose>
    <truncated>0</truncated>
    <difficult>0</difficult>
    <robndbox>
      <cx>100.806</cx>
      <cy>285.1221</cy>
      <w>95.2383</w>
      <h>127.3245</h>
      <angle>2.791986</angle>
    </robndbox>
  </object>
</annotation>
