<annotation verified="no">
  <folder>greyscaled</folder>
  <filename>2022_02_24_15_44_23</filename>
  <path>D:\Academic files\thesis\Codes\Stair detection\greyscaled\2022_02_24_15_44_23.bmp</path>
  <source>
    <database>Unknown</database>
  </source>
  <size>
    <width>350</width>
    <height>400</height>
    <depth>1</depth>
  </size>
  <segmented>0</segmented>
  <object>
    <type>robndbox</type>
    <name>UpStair</name>
    <pose>Unspecified</pose>
    <truncated>0</truncated>
    <difficult>0</difficult>
    <robndbox>
      <cx>217.7025</cx>
      <cy>263.788</cy>
      <w>124.9541</w>
      <h>191.2051</h>
      <angle>3.060279</angle>
    </robndbox>
  </object>
</annotation>
