<annotation verified="no">
  <folder>greyscaled</folder>
  <filename>2022_03_05_14_48_39</filename>
  <path>D:\Academic files\thesis\Codes\Stair detection\greyscaled\2022_03_05_14_48_39.png</path>
  <source>
    <database>Unknown</database>
  </source>
  <size>
    <width>350</width>
    <height>400</height>
    <depth>1</depth>
  </size>
  <segmented>0</segmented>
  <object>
    <type>robndbox</type>
    <name>UpStair</name>
    <pose>Unspecified</pose>
    <truncated>0</truncated>
    <difficult>0</difficult>
    <robndbox>
      <cx>79.4728</cx>
      <cy>268.8925</cy>
      <w>110.8458</w>
      <h>88.5437</h>
      <angle>2.624115</angle>
    </robndbox>
  </object>
</annotation>
