<annotation verified="no">
  <folder>greyscaled</folder>
  <filename>2022_02_27_14_43_37</filename>
  <path>D:\Academic files\thesis\Codes\Stair detection\greyscaled\2022_02_27_14_43_37.png</path>
  <source>
    <database>Unknown</database>
  </source>
  <size>
    <width>350</width>
    <height>400</height>
    <depth>1</depth>
  </size>
  <segmented>0</segmented>
  <object>
    <type>robndbox</type>
    <name>UpStair</name>
    <pose>Unspecified</pose>
    <truncated>0</truncated>
    <difficult>0</difficult>
    <robndbox>
      <cx>265.1138</cx>
      <cy>322.0134</cy>
      <w>119.024</w>
      <h>99.9799</h>
      <angle>2.274706</angle>
    </robndbox>
  </object>
</annotation>
