<annotation verified="no">
  <folder>greyscaled</folder>
  <filename>2022_02_27_14_43_47</filename>
  <path>D:\Academic files\thesis\Codes\Stair detection\greyscaled\2022_02_27_14_43_47.png</path>
  <source>
    <database>Unknown</database>
  </source>
  <size>
    <width>350</width>
    <height>400</height>
    <depth>1</depth>
  </size>
  <segmented>0</segmented>
  <object>
    <type>robndbox</type>
    <name>UpStair</name>
    <pose>Unspecified</pose>
    <truncated>0</truncated>
    <difficult>0</difficult>
    <robndbox>
      <cx>173.5826</cx>
      <cy>199.0372</cy>
      <w>118.7922</w>
      <h>243.7988</h>
      <angle>0.833071</angle>
    </robndbox>
  </object>
</annotation>
