<annotation verified="no">
  <folder>greyscaled</folder>
  <filename>2022_03_01_17_33_19</filename>
  <path>D:\Academic files\thesis\Codes\Stair detection\greyscaled\2022_03_01_17_33_19.bmp</path>
  <source>
    <database>Unknown</database>
  </source>
  <size>
    <width>350</width>
    <height>400</height>
    <depth>1</depth>
  </size>
  <segmented>0</segmented>
  <object>
    <type>robndbox</type>
    <name>UpStair</name>
    <pose>Unspecified</pose>
    <truncated>0</truncated>
    <difficult>0</difficult>
    <robndbox>
      <cx>132.5917</cx>
      <cy>208.6664</cy>
      <w>162.4682</w>
      <h>263.5176</h>
      <angle>2.665755</angle>
    </robndbox>
  </object>
</annotation>
