<annotation verified="no">
  <folder>greyscaled</folder>
  <filename>2022_02_22_13_42_03</filename>
  <path>D:\Academic files\thesis\Codes\Stair detection\greyscaled\2022_02_22_13_42_03.bmp</path>
  <source>
    <database>Unknown</database>
  </source>
  <size>
    <width>350</width>
    <height>400</height>
    <depth>1</depth>
  </size>
  <segmented>0</segmented>
  <object>
    <type>robndbox</type>
    <name>DownStair</name>
    <pose>Unspecified</pose>
    <truncated>0</truncated>
    <difficult>0</difficult>
    <robndbox>
      <cx>143.5667</cx>
      <cy>276.0976</cy>
      <w>144.6995</w>
      <h>183.2457</h>
      <angle>0.738076</angle>
    </robndbox>
  </object>
</annotation>
