<annotation verified="no">
  <folder>greyscaled</folder>
  <filename>2022_03_05_14_26_56</filename>
  <path>D:\Academic files\thesis\Codes\Stair detection\greyscaled\2022_03_05_14_26_56.png</path>
  <source>
    <database>Unknown</database>
  </source>
  <size>
    <width>350</width>
    <height>400</height>
    <depth>1</depth>
  </size>
  <segmented>0</segmented>
  <object>
    <type>robndbox</type>
    <name>UpStair</name>
    <pose>Unspecified</pose>
    <truncated>0</truncated>
    <difficult>0</difficult>
    <robndbox>
      <cx>87.5472</cx>
      <cy>265.4864</cy>
      <w>81.5976</w>
      <h>175.2557</h>
      <angle>0.679648</angle>
    </robndbox>
  </object>
</annotation>
