<annotation verified="no">
  <folder>greyscaled</folder>
  <filename>2022_02_24_15_43_57</filename>
  <path>D:\Academic files\thesis\Codes\Stair detection\greyscaled\2022_02_24_15_43_57.bmp</path>
  <source>
    <database>Unknown</database>
  </source>
  <size>
    <width>350</width>
    <height>400</height>
    <depth>1</depth>
  </size>
  <segmented>0</segmented>
  <object>
    <type>robndbox</type>
    <name>UpStair</name>
    <pose>Unspecified</pose>
    <truncated>0</truncated>
    <difficult>0</difficult>
    <robndbox>
      <cx>184.2384</cx>
      <cy>266.5</cy>
      <w>84.3435</w>
      <h>130.0776</h>
      <angle>2.404369</angle>
    </robndbox>
  </object>
</annotation>
