<annotation verified="no">
  <folder>greyscaled</folder>
  <filename>2022_03_01_17_10_21</filename>
  <path>D:\Academic files\thesis\Codes\Stair detection\greyscaled\2022_03_01_17_10_21.png</path>
  <source>
    <database>Unknown</database>
  </source>
  <size>
    <width>350</width>
    <height>400</height>
    <depth>1</depth>
  </size>
  <segmented>0</segmented>
  <object>
    <type>robndbox</type>
    <name>UpStair</name>
    <pose>Unspecified</pose>
    <truncated>0</truncated>
    <difficult>0</difficult>
    <robndbox>
      <cx>250.9522</cx>
      <cy>173.7773</cy>
      <w>147.3067</w>
      <h>248.2826</h>
      <angle>0.220004</angle>
    </robndbox>
  </object>
</annotation>
