<annotation verified="no">
  <folder>greyscaled</folder>
  <filename>2022_03_05_14_48_37</filename>
  <path>D:\Academic files\thesis\Codes\Stair detection\greyscaled\2022_03_05_14_48_37.png</path>
  <source>
    <database>Unknown</database>
  </source>
  <size>
    <width>350</width>
    <height>400</height>
    <depth>1</depth>
  </size>
  <segmented>0</segmented>
  <object>
    <type>robndbox</type>
    <name>UpStair</name>
    <pose>Unspecified</pose>
    <truncated>0</truncated>
    <difficult>0</difficult>
    <robndbox>
      <cx>133.0764</cx>
      <cy>288.994</cy>
      <w>92.3506</w>
      <h>145.5944</h>
      <angle>0.638819</angle>
    </robndbox>
  </object>
</annotation>
