<annotation verified="no">
  <folder>greyscaled</folder>
  <filename>2022_02_22_13_48_26</filename>
  <path>D:\Academic files\thesis\Codes\Stair detection\greyscaled\2022_02_22_13_48_26.bmp</path>
  <source>
    <database>Unknown</database>
  </source>
  <size>
    <width>350</width>
    <height>400</height>
    <depth>1</depth>
  </size>
  <segmented>0</segmented>
  <object>
    <type>robndbox</type>
    <name>UpStair</name>
    <pose>Unspecified</pose>
    <truncated>0</truncated>
    <difficult>0</difficult>
    <robndbox>
      <cx>104.4702</cx>
      <cy>318.5941</cy>
      <w>109.1455</w>
      <h>103.9315</h>
      <angle>2.818775</angle>
    </robndbox>
  </object>
</annotation>
