<annotation verified="no">
  <folder>greyscaled</folder>
  <filename>2022_03_05_14_46_13</filename>
  <path>D:\Academic files\thesis\Codes\Stair detection\greyscaled\2022_03_05_14_46_13.png</path>
  <source>
    <database>Unknown</database>
  </source>
  <size>
    <width>350</width>
    <height>400</height>
    <depth>1</depth>
  </size>
  <segmented>0</segmented>
  <object>
    <type>robndbox</type>
    <name>UpStair</name>
    <pose>Unspecified</pose>
    <truncated>0</truncated>
    <difficult>0</difficult>
    <robndbox>
      <cx>86.3391</cx>
      <cy>264.7703</cy>
      <w>216.5658</w>
      <h>71.4389</h>
      <angle>1.030392</angle>
    </robndbox>
  </object>
</annotation>
