<annotation verified="no">
  <folder>greyscaled</folder>
  <filename>2022_02_22_13_47_45</filename>
  <path>D:\Academic files\thesis\Codes\Stair detection\greyscaled\2022_02_22_13_47_45.bmp</path>
  <source>
    <database>Unknown</database>
  </source>
  <size>
    <width>350</width>
    <height>400</height>
    <depth>1</depth>
  </size>
  <segmented>0</segmented>
  <object>
    <type>robndbox</type>
    <name>UpStair</name>
    <pose>Unspecified</pose>
    <truncated>0</truncated>
    <difficult>0</difficult>
    <robndbox>
      <cx>131.9091</cx>
      <cy>241.9701</cy>
      <w>80.0021</w>
      <h>85.2515</h>
      <angle>0.34198</angle>
    </robndbox>
  </object>
</annotation>
