<annotation verified="no">
  <folder>greyscaled</folder>
  <filename>2022_03_01_17_09_51</filename>
  <path>D:\Academic files\thesis\Codes\Stair detection\greyscaled\2022_03_01_17_09_51.png</path>
  <source>
    <database>Unknown</database>
  </source>
  <size>
    <width>350</width>
    <height>400</height>
    <depth>1</depth>
  </size>
  <segmented>0</segmented>
  <object>
    <type>robndbox</type>
    <name>DownStair</name>
    <pose>Unspecified</pose>
    <truncated>0</truncated>
    <difficult>0</difficult>
    <robndbox>
      <cx>209.182</cx>
      <cy>241.0286</cy>
      <w>197.8964</w>
      <h>203.1288</h>
      <angle>2.779512</angle>
    </robndbox>
  </object>
</annotation>
