<annotation verified="no">
  <folder>greyscaled</folder>
  <filename>2022_02_27_15_08_36</filename>
  <path>D:\Academic files\thesis\Codes\Stair detection\greyscaled\2022_02_27_15_08_36.png</path>
  <source>
    <database>Unknown</database>
  </source>
  <size>
    <width>350</width>
    <height>400</height>
    <depth>1</depth>
  </size>
  <segmented>0</segmented>
  <object>
    <type>robndbox</type>
    <name>DownStair</name>
    <pose>Unspecified</pose>
    <truncated>0</truncated>
    <difficult>0</difficult>
    <robndbox>
      <cx>122.839</cx>
      <cy>280.3051</cy>
      <w>148.6241</w>
      <h>186.8725</h>
      <angle>0.564359</angle>
    </robndbox>
  </object>
</annotation>
