<annotation verified="no">
  <folder>greyscaled</folder>
  <filename>2022_03_01_17_15_14</filename>
  <path>D:\Academic files\thesis\Codes\Stair detection\greyscaled\2022_03_01_17_15_14.png</path>
  <source>
    <database>Unknown</database>
  </source>
  <size>
    <width>350</width>
    <height>400</height>
    <depth>1</depth>
  </size>
  <segmented>0</segmented>
  <object>
    <type>robndbox</type>
    <name>UpStair</name>
    <pose>Unspecified</pose>
    <truncated>0</truncated>
    <difficult>0</difficult>
    <robndbox>
      <cx>202.8823</cx>
      <cy>164.0813</cy>
      <w>153.3913</w>
      <h>257.9123</h>
      <angle>0.805103</angle>
    </robndbox>
  </object>
</annotation>
