<annotation verified="no">
  <folder>greyscaled</folder>
  <filename>2022_02_27_15_06_32</filename>
  <path>D:\Academic files\thesis\Codes\Stair detection\greyscaled\2022_02_27_15_06_32.png</path>
  <source>
    <database>Unknown</database>
  </source>
  <size>
    <width>350</width>
    <height>400</height>
    <depth>1</depth>
  </size>
  <segmented>0</segmented>
  <object>
    <type>robndbox</type>
    <name>DownStair</name>
    <pose>Unspecified</pose>
    <truncated>0</truncated>
    <difficult>0</difficult>
    <robndbox>
      <cx>187.3904</cx>
      <cy>243.1082</cy>
      <w>173.7025</w>
      <h>236.608</h>
      <angle>2.873041</angle>
    </robndbox>
  </object>
</annotation>
