<annotation verified="no">
  <folder>greyscaled</folder>
  <filename>2022_02_27_14_44_47</filename>
  <path>D:\Academic files\thesis\Codes\Stair detection\greyscaled\2022_02_27_14_44_47.png</path>
  <source>
    <database>Unknown</database>
  </source>
  <size>
    <width>350</width>
    <height>400</height>
    <depth>1</depth>
  </size>
  <segmented>0</segmented>
  <object>
    <type>robndbox</type>
    <name>UpStair</name>
    <pose>Unspecified</pose>
    <truncated>0</truncated>
    <difficult>0</difficult>
    <robndbox>
      <cx>171.2384</cx>
      <cy>155.3533</cy>
      <w>283.2815</w>
      <h>191.5003</h>
      <angle>2.62119</angle>
    </robndbox>
  </object>
</annotation>
