<annotation verified="no">
  <folder>greyscaled</folder>
  <filename>2022_03_01_17_15_27</filename>
  <path>D:\Academic files\thesis\Codes\Stair detection\greyscaled\2022_03_01_17_15_27.png</path>
  <source>
    <database>Unknown</database>
  </source>
  <size>
    <width>350</width>
    <height>400</height>
    <depth>1</depth>
  </size>
  <segmented>0</segmented>
  <object>
    <type>robndbox</type>
    <name>UpStair</name>
    <pose>Unspecified</pose>
    <truncated>0</truncated>
    <difficult>0</difficult>
    <robndbox>
      <cx>139.7134</cx>
      <cy>156.5</cy>
      <w>194.7406</w>
      <h>258.3813</h>
      <angle>2.751804</angle>
    </robndbox>
  </object>
</annotation>
