<annotation verified="no">
  <folder>fitrain</folder>
  <filename>2022_02_22_13_38_54</filename>
  <path>C:\Users\sabafar2\Desktop\fitrain\2022_02_22_13_38_54.bmp</path>
  <source>
    <database>Unknown</database>
  </source>
  <size>
    <width>350</width>
    <height>400</height>
    <depth>1</depth>
  </size>
  <segmented>0</segmented>
  <object>
    <type>robndbox</type>
    <name>UpStair</name>
    <pose>Unspecified</pose>
    <truncated>0</truncated>
    <difficult>0</difficult>
    <robndbox>
      <cx>164.2384</cx>
      <cy>155.5</cy>
      <w>253.0</w>
      <h>227.0</h>
      <angle>0.020931</angle>
    </robndbox>
  </object>
</annotation>
