<annotation verified="no">
  <folder>greyscaled</folder>
  <filename>2022_02_27_15_06_12</filename>
  <path>D:\Academic files\thesis\Codes\Stair detection\greyscaled\2022_02_27_15_06_12.png</path>
  <source>
    <database>Unknown</database>
  </source>
  <size>
    <width>350</width>
    <height>400</height>
    <depth>1</depth>
  </size>
  <segmented>0</segmented>
  <object>
    <type>robndbox</type>
    <name>UpStair</name>
    <pose>Unspecified</pose>
    <truncated>0</truncated>
    <difficult>0</difficult>
    <robndbox>
      <cx>171.4106</cx>
      <cy>145.7535</cy>
      <w>298.451</w>
      <h>168.7372</h>
      <angle>0.501888</angle>
    </robndbox>
  </object>
</annotation>
