<annotation verified="no">
  <folder>greyscaled</folder>
  <filename>2022_03_01_17_03_17</filename>
  <path>D:\Academic files\thesis\Codes\Stair detection\greyscaled\2022_03_01_17_03_17.png</path>
  <source>
    <database>Unknown</database>
  </source>
  <size>
    <width>350</width>
    <height>400</height>
    <depth>1</depth>
  </size>
  <segmented>0</segmented>
  <object>
    <type>robndbox</type>
    <name>DownStair</name>
    <pose>Unspecified</pose>
    <truncated>0</truncated>
    <difficult>0</difficult>
    <robndbox>
      <cx>100.0711</cx>
      <cy>305.3664</cy>
      <w>138.6422</w>
      <h>124.5515</h>
      <angle>0.456221</angle>
    </robndbox>
  </object>
</annotation>
