<annotation verified="no">
  <folder>fitrain</folder>
  <filename>2022_02_22_13_40_50</filename>
  <path>C:\Users\sabafar2\Desktop\fitrain\2022_02_22_13_40_50.bmp</path>
  <source>
    <database>Unknown</database>
  </source>
  <size>
    <width>350</width>
    <height>400</height>
    <depth>1</depth>
  </size>
  <segmented>0</segmented>
  <object>
    <type>robndbox</type>
    <name>UpStair</name>
    <pose>Unspecified</pose>
    <truncated>0</truncated>
    <difficult>0</difficult>
    <robndbox>
      <cx>92.7384</cx>
      <cy>151.0</cy>
      <w>88.4458</w>
      <h>238.3135</h>
      <angle>0.394725</angle>
    </robndbox>
  </object>
</annotation>
