<annotation verified="no">
  <folder>greyscaled</folder>
  <filename>2022_02_26_16_05_32</filename>
  <path>D:\Academic files\thesis\Codes\Stair detection\greyscaled\2022_02_26_16_05_32.png</path>
  <source>
    <database>Unknown</database>
  </source>
  <size>
    <width>350</width>
    <height>400</height>
    <depth>1</depth>
  </size>
  <segmented>0</segmented>
  <object>
    <type>robndbox</type>
    <name>DownStair</name>
    <pose>Unspecified</pose>
    <truncated>0</truncated>
    <difficult>0</difficult>
    <robndbox>
      <cx>152.4594</cx>
      <cy>276.4374</cy>
      <w>173.8936</w>
      <h>143.6397</h>
      <angle>2.570054</angle>
    </robndbox>
  </object>
</annotation>
