<annotation verified="no">
  <folder>greyscaled</folder>
  <filename>2022_02_22_13_47_29</filename>
  <path>D:\Academic files\thesis\Codes\Stair detection\greyscaled\2022_02_22_13_47_29.bmp</path>
  <source>
    <database>Unknown</database>
  </source>
  <size>
    <width>350</width>
    <height>400</height>
    <depth>1</depth>
  </size>
  <segmented>0</segmented>
  <object>
    <type>robndbox</type>
    <name>UpStair</name>
    <pose>Unspecified</pose>
    <truncated>0</truncated>
    <difficult>0</difficult>
    <robndbox>
      <cx>195.4014</cx>
      <cy>305.4224</cy>
      <w>149.7871</w>
      <h>100.9102</h>
      <angle>2.368128</angle>
    </robndbox>
  </object>
</annotation>
