<annotation verified="no">
  <folder>greyscaled</folder>
  <filename>2022_02_24_16_00_58</filename>
  <path>D:\Academic files\thesis\Codes\Stair detection\greyscaled\2022_02_24_16_00_58.bmp</path>
  <source>
    <database>Unknown</database>
  </source>
  <size>
    <width>350</width>
    <height>400</height>
    <depth>1</depth>
  </size>
  <segmented>0</segmented>
  <object>
    <type>robndbox</type>
    <name>UpStair</name>
    <pose>Unspecified</pose>
    <truncated>0</truncated>
    <difficult>0</difficult>
    <robndbox>
      <cx>196.7255</cx>
      <cy>173.5</cy>
      <w>181.5908</w>
      <h>252.4909</h>
      <angle>0.743122</angle>
    </robndbox>
  </object>
</annotation>
