<annotation verified="no">
  <folder>greyscaled</folder>
  <filename>2022_03_01_17_05_47</filename>
  <path>D:\Academic files\thesis\Codes\Stair detection\greyscaled\2022_03_01_17_05_47.png</path>
  <source>
    <database>Unknown</database>
  </source>
  <size>
    <width>350</width>
    <height>400</height>
    <depth>1</depth>
  </size>
  <segmented>0</segmented>
  <object>
    <type>robndbox</type>
    <name>DownStair</name>
    <pose>Unspecified</pose>
    <truncated>0</truncated>
    <difficult>0</difficult>
    <robndbox>
      <cx>94.3136</cx>
      <cy>286.4347</cy>
      <w>133.8574</w>
      <h>182.5377</h>
      <angle>2.79942</angle>
    </robndbox>
  </object>
</annotation>
