<annotation verified="no">
  <folder>greyscaled</folder>
  <filename>2022_03_01_17_30_05</filename>
  <path>D:\Academic files\thesis\Codes\Stair detection\greyscaled\2022_03_01_17_30_05.png</path>
  <source>
    <database>Unknown</database>
  </source>
  <size>
    <width>350</width>
    <height>400</height>
    <depth>1</depth>
  </size>
  <segmented>0</segmented>
  <object>
    <type>robndbox</type>
    <name>UpStair</name>
    <pose>Unspecified</pose>
    <truncated>0</truncated>
    <difficult>0</difficult>
    <robndbox>
      <cx>163.8183</cx>
      <cy>322.0941</cy>
      <w>118.6475</w>
      <h>97.9701</h>
      <angle>2.288066</angle>
    </robndbox>
  </object>
</annotation>
