<annotation verified="no">
  <folder>greyscaled</folder>
  <filename>2022_02_27_15_00_12</filename>
  <path>D:\Academic files\thesis\Codes\Stair detection\greyscaled\2022_02_27_15_00_12.png</path>
  <source>
    <database>Unknown</database>
  </source>
  <size>
    <width>350</width>
    <height>400</height>
    <depth>1</depth>
  </size>
  <segmented>0</segmented>
  <object>
    <type>robndbox</type>
    <name>UpStair</name>
    <pose>Unspecified</pose>
    <truncated>0</truncated>
    <difficult>0</difficult>
    <robndbox>
      <cx>221.1126</cx>
      <cy>198.9187</cy>
      <w>141.0947</w>
      <h>242.1341</h>
      <angle>0.551695</angle>
    </robndbox>
  </object>
</annotation>
