<annotation verified="no">
  <folder>greyscaled</folder>
  <filename>2022_02_27_15_06_04</filename>
  <path>D:\Academic files\thesis\Codes\Stair detection\greyscaled\2022_02_27_15_06_04.png</path>
  <source>
    <database>Unknown</database>
  </source>
  <size>
    <width>350</width>
    <height>400</height>
    <depth>1</depth>
  </size>
  <segmented>0</segmented>
  <object>
    <type>robndbox</type>
    <name>UpStair</name>
    <pose>Unspecified</pose>
    <truncated>0</truncated>
    <difficult>0</difficult>
    <robndbox>
      <cx>221.3738</cx>
      <cy>241.5581</cy>
      <w>154.0686</w>
      <h>237.4788</h>
      <angle>0.457704</angle>
    </robndbox>
  </object>
</annotation>
