<annotation verified="no">
  <folder>greyscaled</folder>
  <filename>2022_03_05_14_47_55</filename>
  <path>D:\Academic files\thesis\Codes\Stair detection\greyscaled\2022_03_05_14_47_55.png</path>
  <source>
    <database>Unknown</database>
  </source>
  <size>
    <width>350</width>
    <height>400</height>
    <depth>1</depth>
  </size>
  <segmented>0</segmented>
  <object>
    <type>robndbox</type>
    <name>DownStair</name>
    <pose>Unspecified</pose>
    <truncated>0</truncated>
    <difficult>0</difficult>
    <robndbox>
      <cx>114.9233</cx>
      <cy>320.6569</cy>
      <w>95.351</w>
      <h>124.4823</h>
      <angle>2.905789</angle>
    </robndbox>
  </object>
</annotation>
