<annotation verified="no">
  <folder>greyscaled</folder>
  <filename>2022_02_27_14_54_19</filename>
  <path>D:\Academic files\thesis\Codes\Stair detection\greyscaled\2022_02_27_14_54_19.png</path>
  <source>
    <database>Unknown</database>
  </source>
  <size>
    <width>350</width>
    <height>400</height>
    <depth>1</depth>
  </size>
  <segmented>0</segmented>
  <object>
    <type>robndbox</type>
    <name>UpStair</name>
    <pose>Unspecified</pose>
    <truncated>0</truncated>
    <difficult>0</difficult>
    <robndbox>
      <cx>174.8083</cx>
      <cy>168.7063</cy>
      <w>301.2892</w>
      <h>302.7258</h>
      <angle>3.018559</angle>
    </robndbox>
  </object>
</annotation>
