<annotation verified="no">
  <folder>fitrain</folder>
  <filename>2022_02_24_15_47_26</filename>
  <path>C:\Users\sabafar2\Desktop\fitrain\2022_02_24_15_47_26.bmp</path>
  <source>
    <database>Unknown</database>
  </source>
  <size>
    <width>350</width>
    <height>400</height>
    <depth>1</depth>
  </size>
  <segmented>0</segmented>
  <object>
    <type>robndbox</type>
    <name>DownStair</name>
    <pose>Unspecified</pose>
    <truncated>0</truncated>
    <difficult>0</difficult>
    <robndbox>
      <cx>245.7179</cx>
      <cy>297.4876</cy>
      <w>138.9616</w>
      <h>159.4715</h>
      <angle>3.10981</angle>
    </robndbox>
  </object>
</annotation>
