<annotation verified="no">
  <folder>greyscaled</folder>
  <filename>2022_03_01_17_07_19</filename>
  <path>D:\Academic files\thesis\Codes\Stair detection\greyscaled\2022_03_01_17_07_19.png</path>
  <source>
    <database>Unknown</database>
  </source>
  <size>
    <width>350</width>
    <height>400</height>
    <depth>1</depth>
  </size>
  <segmented>0</segmented>
  <object>
    <type>robndbox</type>
    <name>UpStair</name>
    <pose>Unspecified</pose>
    <truncated>0</truncated>
    <difficult>0</difficult>
    <robndbox>
      <cx>234.9004</cx>
      <cy>146.6419</cy>
      <w>172.238</w>
      <h>260.2891</h>
      <angle>0.235417</angle>
    </robndbox>
  </object>
</annotation>
