<annotation verified="no">
  <folder>greyscaled</folder>
  <filename>2022_03_01_17_08_39</filename>
  <path>D:\Academic files\thesis\Codes\Stair detection\greyscaled\2022_03_01_17_08_39.png</path>
  <source>
    <database>Unknown</database>
  </source>
  <size>
    <width>350</width>
    <height>400</height>
    <depth>1</depth>
  </size>
  <segmented>0</segmented>
  <object>
    <type>robndbox</type>
    <name>DownStair</name>
    <pose>Unspecified</pose>
    <truncated>0</truncated>
    <difficult>0</difficult>
    <robndbox>
      <cx>139.1685</cx>
      <cy>218.3165</cy>
      <w>178.6219</w>
      <h>276.0073</h>
      <angle>0.430498</angle>
    </robndbox>
  </object>
</annotation>
