<annotation verified="no">
  <folder>greyscaled</folder>
  <filename>2022_03_01_17_21_06</filename>
  <path>D:\Academic files\thesis\Codes\Stair detection\greyscaled\2022_03_01_17_21_06.png</path>
  <source>
    <database>Unknown</database>
  </source>
  <size>
    <width>350</width>
    <height>400</height>
    <depth>1</depth>
  </size>
  <segmented>0</segmented>
  <object>
    <type>robndbox</type>
    <name>UpStair</name>
    <pose>Unspecified</pose>
    <truncated>0</truncated>
    <difficult>0</difficult>
    <robndbox>
      <cx>173.7384</cx>
      <cy>157.5</cy>
      <w>265.0708</w>
      <h>253.3347</h>
      <angle>0.252751</angle>
    </robndbox>
  </object>
</annotation>
