<annotation verified="no">
  <folder>greyscaled</folder>
  <filename>2022_02_26_16_24_36</filename>
  <path>D:\Academic files\thesis\Codes\Stair detection\greyscaled\2022_02_26_16_24_36.png</path>
  <source>
    <database>Unknown</database>
  </source>
  <size>
    <width>350</width>
    <height>400</height>
    <depth>1</depth>
  </size>
  <segmented>0</segmented>
  <object>
    <type>robndbox</type>
    <name>UpStair</name>
    <pose>Unspecified</pose>
    <truncated>0</truncated>
    <difficult>0</difficult>
    <robndbox>
      <cx>229.3473</cx>
      <cy>272.2698</cy>
      <w>113.1931</w>
      <h>130.2497</h>
      <angle>2.425993</angle>
    </robndbox>
  </object>
</annotation>
