<annotation verified="no">
  <folder>greyscaled</folder>
  <filename>2022_03_01_17_30_25</filename>
  <path>D:\Academic files\thesis\Codes\Stair detection\greyscaled\2022_03_01_17_30_25.bmp</path>
  <source>
    <database>Unknown</database>
  </source>
  <size>
    <width>350</width>
    <height>400</height>
    <depth>1</depth>
  </size>
  <segmented>0</segmented>
  <object>
    <type>robndbox</type>
    <name>UpStair</name>
    <pose>Unspecified</pose>
    <truncated>0</truncated>
    <difficult>0</difficult>
    <robndbox>
      <cx>202.9356</cx>
      <cy>170.5205</cy>
      <w>213.5865</w>
      <h>293.8908</h>
      <angle>3.041993</angle>
    </robndbox>
  </object>
</annotation>
