<annotation verified="no">
  <folder>greyscaled</folder>
  <filename>2022_03_05_14_35_57</filename>
  <path>D:\Academic files\thesis\Codes\Stair detection\greyscaled\2022_03_05_14_35_57.png</path>
  <source>
    <database>Unknown</database>
  </source>
  <size>
    <width>350</width>
    <height>400</height>
    <depth>1</depth>
  </size>
  <segmented>0</segmented>
  <object>
    <type>robndbox</type>
    <name>UpStair</name>
    <pose>Unspecified</pose>
    <truncated>0</truncated>
    <difficult>0</difficult>
    <robndbox>
      <cx>168.5224</cx>
      <cy>294.3587</cy>
      <w>238.4493</w>
      <h>124.1565</h>
      <angle>2.999298</angle>
    </robndbox>
  </object>
</annotation>
