<annotation verified="no">
  <folder>greyscaled</folder>
  <filename>2022_03_01_17_08_34</filename>
  <path>D:\Academic files\thesis\Codes\Stair detection\greyscaled\2022_03_01_17_08_34.png</path>
  <source>
    <database>Unknown</database>
  </source>
  <size>
    <width>350</width>
    <height>400</height>
    <depth>1</depth>
  </size>
  <segmented>0</segmented>
  <object>
    <type>robndbox</type>
    <name>DownStair</name>
    <pose>Unspecified</pose>
    <truncated>0</truncated>
    <difficult>0</difficult>
    <robndbox>
      <cx>231.7384</cx>
      <cy>323.5</cy>
      <w>186.0</w>
      <h>123.0</h>
      <angle>0.0</angle>
    </robndbox>
  </object>
  <object>
    <type>robndbox</type>
    <name>DownStair</name>
    <pose>Unspecified</pose>
    <truncated>0</truncated>
    <difficult>0</difficult>
    <robndbox>
      <cx>115.2384</cx>
      <cy>265.0</cy>
      <w>165.0</w>
      <h>234.0</h>
      <angle>0.0</angle>
    </robndbox>
  </object>
</annotation>
