<annotation verified="no">
  <folder>greyscaled</folder>
  <filename>2022_02_26_16_28_37</filename>
  <path>D:\Academic files\thesis\Codes\Stair detection\greyscaled\2022_02_26_16_28_37.png</path>
  <source>
    <database>Unknown</database>
  </source>
  <size>
    <width>350</width>
    <height>400</height>
    <depth>1</depth>
  </size>
  <segmented>0</segmented>
  <object>
    <type>robndbox</type>
    <name>DownStair</name>
    <pose>Unspecified</pose>
    <truncated>0</truncated>
    <difficult>0</difficult>
    <robndbox>
      <cx>198.2526</cx>
      <cy>312.4297</cy>
      <w>223.2256</w>
      <h>120.1098</h>
      <angle>2.874192</angle>
    </robndbox>
  </object>
</annotation>
