<annotation verified="no">
  <folder>fitrain</folder>
  <filename>2022_02_24_15_48_17</filename>
  <path>C:\Users\sabafar2\Desktop\fitrain\2022_02_24_15_48_17.bmp</path>
  <source>
    <database>Unknown</database>
  </source>
  <size>
    <width>350</width>
    <height>400</height>
    <depth>1</depth>
  </size>
  <segmented>0</segmented>
  <object>
    <type>robndbox</type>
    <name>UpStair</name>
    <pose>Unspecified</pose>
    <truncated>0</truncated>
    <difficult>0</difficult>
    <robndbox>
      <cx>72.7384</cx>
      <cy>297.0</cy>
      <w>128.0</w>
      <h>104.0</h>
      <angle>0.0</angle>
    </robndbox>
  </object>
</annotation>
